ctime,schemaname,relname,seq_scan,seq_tup_read,idx_scan,idx_tup_fetch,n_tup_ins,n_tup_upd,n_tup_del,n_tup_hot_upd,n_live_tup,n_dead_tup,heap_blks_read,heap_blks_hit,idx_blks_read,idx_blks_hit,toast_blks_read,toast_blks_hit,tidx_blks_read,tidx_blks_hit
1415137515.10835,pg_catalog,pg_attrdef,0,0,0,0,0,0,0,0,0,0,0,0,0,0,0,0,0,0
1415137515.10835,pg_catalog,pg_db_role_setting,0,0,55680,0,0,0,0,0,0,0,0,0,1044,54636,0,0,0,0
1415137515.10835,pg_catalog,pg_rowsecurity,0,0,0,0,0,0,0,0,0,0,0,0,0,0,,,,
1415137515.10835,pg_catalog,pg_description,0,0,1401,0,0,0,0,0,0,0,0,0,412,2703,0,0,0,0
1415137515.10835,pg_catalog,pg_foreign_data_wrapper,0,0,0,0,0,0,0,0,0,0,0,0,0,0,,,,
1415137515.10835,pg_catalog,pg_conversion,0,0,0,0,0,0,0,0,0,0,0,0,0,0,,,,
1415137515.10835,information_schema,sql_features,0,0,,,0,0,0,0,0,0,0,0,,,0,0,0,0
1415137515.10835,public,customer,0,0,,,0,0,0,0,0,0,0,0,,,,,,
1415137515.10835,pg_catalog,pg_class,7705,2004863,413985,389372,556,198,544,188,311,131,9457,456925,9510,851669,,,,
1415137515.10835,pg_catalog,pg_opfamily,0,0,0,0,0,0,0,0,0,0,0,0,0,0,,,,
1415137515.10835,public,supplier,0,0,,,0,0,0,0,0,0,0,0,,,,,,
1415137515.10835,pg_catalog,pg_auth_members,0,0,0,0,0,0,0,0,0,0,0,0,0,0,,,,
1415137515.10835,pg_catalog,pg_operator,0,0,90276,430788,0,0,0,0,0,0,10346,293122,7259,192327,,,,
1415137515.10835,information_schema,sql_packages,0,0,,,0,0,0,0,0,0,0,0,,,0,0,0,0
1415137515.10835,pg_catalog,pg_attribute,1034,7050,301158,623632,2208,72,2072,43,2472,322,14031,330387,6029,620848,,,,
1415137515.10835,pg_catalog,pg_tablespace,2,4,9683,9683,0,0,0,0,0,0,912,8773,1843,17565,,,,
1415137515.10835,pg_catalog,pg_statistic,0,0,70614,65662,504,1207,497,873,408,173,8308,61290,2945,149878,10188,40998,829,64895
1415137515.10835,pg_catalog,pg_aggregate,0,0,6131,6131,0,0,0,0,0,0,1018,5113,2123,8678,,,,
1415137515.10835,pg_catalog,pg_inherits,0,0,313,0,0,0,0,0,0,0,0,0,140,173,,,,
1415137515.10835,information_schema,sql_sizing,0,0,,,0,0,0,0,0,0,0,0,,,0,0,0,0
1415137515.10835,pg_catalog,pg_enum,0,0,0,0,0,0,0,0,0,0,0,0,0,0,,,,
1415137515.10835,pg_toast,pg_toast_2396,0,0,0,0,0,0,0,0,0,0,0,0,0,0,,,,
1415137515.10835,pg_catalog,pg_pltemplate,0,0,0,0,0,0,0,0,0,0,0,0,0,0,,,,
1415137515.10835,pg_toast,pg_toast_2618,0,0,3315,10598,0,0,0,0,0,0,1364,2649,467,4855,,,,
1415137515.10835,pg_toast,pg_toast_3596,0,0,0,0,0,0,0,0,0,0,0,0,0,0,,,,
1415137515.10835,public,lineitem,0,0,,,0,0,0,0,0,0,0,0,,,,,,
1415137515.10835,public,partsupp,0,0,,,0,0,0,0,0,0,0,0,,,,,,
1415137515.10835,pg_toast,pg_toast_11747,0,0,0,0,0,0,0,0,0,0,0,0,0,0,,,,
1415137515.10835,pg_toast,pg_toast_11727,0,0,0,0,0,0,0,0,0,0,0,0,0,0,,,,
1415137515.10835,pg_toast,pg_toast_2606,0,0,0,0,0,0,0,0,0,0,0,0,0,0,,,,
1415137515.10835,pg_toast,pg_toast_2964,0,0,0,0,0,0,0,0,0,0,0,0,0,0,,,,
1415137515.10835,pg_catalog,pg_database,2010,7872,48607,48605,1,0,0,0,1,0,717,49899,4409,72012,,,,
1415137515.10835,information_schema,sql_parts,0,0,,,0,0,0,0,0,0,0,0,,,0,0,0,0
1415137515.10835,pg_toast,pg_toast_2620,0,0,0,0,0,0,0,0,0,0,0,0,0,0,,,,
1415137515.10835,pg_toast,pg_toast_11737,0,0,0,0,0,0,0,0,0,0,0,0,0,0,,,,
1415137515.10835,pg_catalog,pg_depend,0,0,13470,14750,2519,0,2486,0,6628,1115,2143,17069,3303,35146,,,,
1415137515.10835,pg_catalog,pg_language,0,0,0,0,0,0,0,0,0,0,0,0,0,0,,,,
1415137515.10835,information_schema,sql_implementation_info,0,0,,,0,0,0,0,0,0,0,0,,,0,0,0,0
1415137515.10835,public,region,2,10,0,0,5,0,0,0,5,0,1,3,0,0,,,,
1415137515.10835,pg_catalog,pg_amproc,188,376,53184,83100,0,0,0,0,0,0,1173,51529,3149,116503,,,,
1415137515.10835,pg_catalog,pg_collation,0,0,0,0,0,0,0,0,0,0,0,0,0,0,,,,
1415137515.10835,pg_catalog,pg_range,0,0,2468,0,0,0,0,0,0,0,0,0,1930,3006,,,,
1415137515.10835,pg_toast,pg_toast_2609,0,0,0,0,0,0,0,0,0,0,0,0,0,0,,,,
1415137515.10835,pg_catalog,pg_opclass,188,188,71617,818499,0,0,0,0,0,0,2524,320153,3806,86933,,,,
1415137515.10835,pg_toast,pg_toast_11752,0,0,0,0,0,0,0,0,0,0,0,0,0,0,,,,
1415137515.10835,pg_catalog,pg_rewrite,0,0,5716,5170,182,0,182,0,110,48,1834,4567,947,8821,1364,2649,934,9710
1415137515.10835,pg_toast,pg_toast_1255,0,0,0,0,0,0,0,0,0,0,0,0,0,0,,,,
1415137515.10835,pg_catalog,pg_seclabel,0,0,1401,0,0,0,0,0,0,0,0,0,136,1265,0,0,0,0
1415137515.10835,information_schema,sql_languages,0,0,,,0,0,0,0,0,0,0,0,,,0,0,0,0
1415137515.10835,pg_catalog,pg_ts_parser,0,0,0,0,0,0,0,0,0,0,0,0,0,0,,,,
1415137515.10835,pg_catalog,pg_trigger,0,0,0,0,0,0,0,0,0,0,0,0,0,0,0,0,0,0
1415137515.10835,pg_catalog,pg_shseclabel,0,0,0,0,0,0,0,0,0,0,0,0,0,0,,,,
1415137515.10835,pg_catalog,pg_event_trigger,0,0,601,0,0,0,0,0,0,0,0,0,138,463,,,,
1415137515.10835,pg_toast,pg_toast_11742,0,0,0,0,0,0,0,0,0,0,0,0,0,0,,,,
1415137515.10835,pg_catalog,pg_foreign_table,0,0,0,0,0,0,0,0,0,0,0,0,0,0,,,,
1415137515.10835,information_schema,sql_sizing_profiles,0,0,,,0,0,0,0,0,0,0,0,,,0,0,0,0
1415137515.10835,public,orders,0,0,,,0,0,0,0,0,0,0,0,,,,,,
1415137515.10835,pg_catalog,pg_extension,0,0,0,0,0,0,0,0,0,0,0,0,0,0,,,,
1415137515.10835,pg_catalog,pg_ts_config,0,0,0,0,0,0,0,0,0,0,0,0,0,0,,,,
1415137515.10835,pg_catalog,pg_shdescription,0,0,0,0,0,0,0,0,0,0,0,0,0,0,0,0,0,0
1415137515.10835,pg_catalog,pg_cast,0,0,383441,96289,0,0,0,0,0,0,1653,94636,1705,394044,,,,
1415137515.10835,pg_catalog,pg_amop,0,0,109734,156478,0,0,0,0,0,0,3274,153204,5691,229804,,,,
1415137515.10835,public,nation,2,50,0,0,25,0,0,0,25,0,1,3,0,0,,,,
1415137515.10835,pg_catalog,pg_user_mapping,0,0,0,0,0,0,0,0,0,0,0,0,0,0,,,,
1415137515.10835,public,part,0,0,,,0,0,0,0,0,0,0,0,,,,,,
1415137515.10835,pg_catalog,pg_type,0,0,288187,285789,638,0,619,0,360,115,4283,284300,5431,589243,,,,
1415137515.10835,pg_catalog,pg_largeobject,0,0,0,0,0,0,0,0,0,0,0,0,0,0,,,,
1415137515.10835,pg_catalog,pg_ts_config_map,0,0,0,0,0,0,0,0,0,0,0,0,0,0,,,,
1415137515.10835,pg_catalog,pg_largeobject_metadata,0,0,0,0,0,0,0,0,0,0,0,0,0,0,,,,
1415137515.10835,pg_catalog,pg_am,13517,13517,0,0,0,0,0,0,0,0,999,12518,0,0,,,,
1415137515.10835,pg_toast,pg_toast_11722,0,0,0,0,0,0,0,0,0,0,0,0,0,0,,,,
1415137515.10835,pg_catalog,pg_ts_template,0,0,0,0,0,0,0,0,0,0,0,0,0,0,,,,
1415137515.10835,public,time_statistics,0,0,,,1,0,0,0,1,0,1,0,,,,,,
1415137515.10835,pg_catalog,pg_foreign_server,0,0,0,0,0,0,0,0,0,0,0,0,0,0,,,,
1415137515.10835,pg_catalog,pg_namespace,1662,18038,84463,71862,14,0,0,0,14,0,879,72681,2351,96502,,,,
1415137515.10835,pg_toast,pg_toast_2619,0,0,31831,106168,1418,0,1407,0,21,302,10188,40998,829,64895,,,,
1415137515.10835,pg_catalog,pg_authid,711,711,25280,25280,0,0,0,0,0,0,855,25136,3478,47082,,,,
1415137515.10835,pg_catalog,pg_default_acl,0,0,1292,0,0,0,0,0,0,0,0,0,134,1158,,,,
1415137515.10835,pg_catalog,pg_shdepend,0,0,1665,328,0,0,0,0,0,0,137,191,548,1735,,,,
1415137515.10835,pg_catalog,pg_constraint,0,0,114,56,58,0,56,0,4,56,35,314,64,570,0,0,0,0
1415137515.10835,pg_catalog,pg_index,3929,463860,130058,185344,233,0,231,0,117,60,4208,173282,3860,148352,,,,
1415137515.10835,pg_catalog,pg_ts_dict,0,0,0,0,0,0,0,0,0,0,0,0,0,0,,,,
1415137515.10835,pg_toast,pg_toast_2604,0,0,0,0,0,0,0,0,0,0,0,0,0,0,,,,
1415137515.10835,pg_toast,pg_toast_11732,0,0,0,0,0,0,0,0,0,0,0,0,0,0,,,,
1415137515.10835,pg_catalog,pg_proc,0,0,127695,188471,0,0,0,0,0,0,14831,129314,10963,268574,0,0,0,0
1415137575.10783,pg_catalog,pg_attrdef,0,0,0,0,0,0,0,0,0,0,0,0,0,0,0,0,0,0
1415137575.10783,pg_catalog,pg_db_role_setting,0,0,55940,0,0,0,0,0,0,0,0,0,1045,54895,0,0,0,0
1415137575.10783,pg_catalog,pg_rowsecurity,0,0,0,0,0,0,0,0,0,0,0,0,0,0,,,,
1415137575.10783,pg_catalog,pg_description,0,0,1401,0,0,0,0,0,0,0,0,0,412,2703,0,0,0,0
1415137575.10783,pg_catalog,pg_foreign_data_wrapper,0,0,0,0,0,0,0,0,0,0,0,0,0,0,,,,
1415137575.10783,pg_catalog,pg_conversion,0,0,0,0,0,0,0,0,0,0,0,0,0,0,,,,
1415137575.10783,information_schema,sql_features,0,0,,,0,0,0,0,0,0,0,0,,,0,0,0,0
1415137575.10783,public,customer,6,9000000,0,0,1500000,0,0,0,1500000,0,68533,294857,0,0,,,,
1415137575.10783,pg_catalog,pg_class,7728,2007728,414782,390115,571,198,544,188,326,0,9458,457993,9512,853444,,,,
1415137575.10783,pg_catalog,pg_opfamily,0,0,0,0,0,0,0,0,0,0,0,0,0,0,,,,
1415137575.10783,public,supplier,4,400000,0,0,100000,0,0,0,100000,0,2312,15648,0,0,,,,
1415137575.10783,pg_catalog,pg_auth_members,0,0,0,0,0,0,0,0,0,0,0,0,0,0,,,,
1415137575.10783,pg_catalog,pg_operator,0,0,90326,430894,0,0,0,0,0,0,10357,293198,7260,192444,,,,
1415137575.10783,information_schema,sql_packages,0,0,,,0,0,0,0,0,0,0,0,,,0,0,0,0
1415137575.10783,pg_catalog,pg_attribute,1045,7125,301787,625253,2231,77,2072,48,2495,325,14052,331323,6030,622245,,,,
1415137575.10783,pg_catalog,pg_tablespace,2,4,9690,9690,0,0,0,0,0,0,913,8779,1846,17578,,,,
1415137575.10783,pg_catalog,pg_statistic,0,0,70721,65732,535,1258,497,920,439,51,8316,61561,2945,150176,10228,41550,831,65324
1415137575.10783,pg_catalog,pg_aggregate,0,0,6132,6132,0,0,0,0,0,0,1019,5113,2125,8678,,,,
1415137575.10783,pg_catalog,pg_inherits,0,0,313,0,0,0,0,0,0,0,0,0,140,173,,,,
1415137575.10783,information_schema,sql_sizing,0,0,,,0,0,0,0,0,0,0,0,,,0,0,0,0
1415137575.10783,pg_catalog,pg_enum,0,0,0,0,0,0,0,0,0,0,0,0,0,0,,,,
1415137575.10783,pg_toast,pg_toast_2396,0,0,0,0,0,0,0,0,0,0,0,0,0,0,,,,
1415137575.10783,pg_catalog,pg_pltemplate,0,0,0,0,0,0,0,0,0,0,0,0,0,0,,,,
1415137575.10783,pg_toast,pg_toast_2618,0,0,3320,10614,0,0,0,0,0,0,1369,2650,467,4863,,,,
1415137575.10783,pg_toast,pg_toast_3596,0,0,0,0,0,0,0,0,0,0,0,0,0,0,,,,
1415137575.10783,public,lineitem,0,0,,,0,0,0,0,0,0,0,0,,,,,,
1415137575.10783,public,partsupp,3,24000000,0,0,8000000,0,0,0,8000000,0,340611,954509,0,0,,,,
1415137575.10783,pg_toast,pg_toast_11747,0,0,0,0,0,0,0,0,0,0,0,0,0,0,,,,
1415137575.10783,pg_toast,pg_toast_11727,0,0,0,0,0,0,0,0,0,0,0,0,0,0,,,,
1415137575.10783,pg_toast,pg_toast_2606,0,0,0,0,0,0,0,0,0,0,0,0,0,0,,,,
1415137575.10783,pg_toast,pg_toast_2964,0,0,0,0,0,0,0,0,0,0,0,0,0,0,,,,
1415137575.10783,pg_catalog,pg_database,2014,7882,48815,48813,1,0,0,0,1,0,717,50111,4413,72345,,,,
1415137575.10783,information_schema,sql_parts,0,0,,,0,0,0,0,0,0,0,0,,,0,0,0,0
1415137575.10783,pg_toast,pg_toast_2620,0,0,0,0,0,0,0,0,0,0,0,0,0,0,,,,
1415137575.10783,pg_toast,pg_toast_11737,0,0,0,0,0,0,0,0,0,0,0,0,0,0,,,,
1415137575.10783,pg_catalog,pg_depend,0,0,13534,14810,2549,0,2486,0,6658,1115,2148,17201,3307,35420,,,,
1415137575.10783,pg_catalog,pg_language,0,0,0,0,0,0,0,0,0,0,0,0,0,0,,,,
1415137575.10783,information_schema,sql_implementation_info,0,0,,,0,0,0,0,0,0,0,0,,,0,0,0,0
1415137575.10783,public,region,2,10,0,0,5,0,0,0,5,0,1,3,0,0,,,,
1415137575.10783,pg_catalog,pg_amproc,190,380,53297,83273,0,0,0,0,0,0,1173,51642,3149,116757,,,,
1415137575.10783,pg_catalog,pg_collation,0,0,0,0,0,0,0,0,0,0,0,0,0,0,,,,
1415137575.10783,pg_catalog,pg_range,0,0,2468,0,0,0,0,0,0,0,0,0,1930,3006,,,,
1415137575.10783,pg_toast,pg_toast_2609,0,0,0,0,0,0,0,0,0,0,0,0,0,0,,,,
1415137575.10783,pg_catalog,pg_opclass,190,190,71803,821331,0,0,0,0,0,0,2524,321101,3806,87170,,,,
1415137575.10783,pg_toast,pg_toast_11752,0,0,0,0,0,0,0,0,0,0,0,0,0,0,,,,
1415137575.10783,pg_catalog,pg_rewrite,0,0,5723,5177,182,0,182,0,110,48,1838,4570,947,8833,1369,2650,934,9726
1415137575.10783,pg_toast,pg_toast_1255,0,0,0,0,0,0,0,0,0,0,0,0,0,0,,,,
1415137575.10783,pg_catalog,pg_seclabel,0,0,1401,0,0,0,0,0,0,0,0,0,136,1265,0,0,0,0
1415137575.10783,information_schema,sql_languages,0,0,,,0,0,0,0,0,0,0,0,,,0,0,0,0
1415137575.10783,pg_catalog,pg_ts_parser,0,0,0,0,0,0,0,0,0,0,0,0,0,0,,,,
1415137575.10783,pg_catalog,pg_trigger,0,0,0,0,0,0,0,0,0,0,0,0,0,0,0,0,0,0
1415137575.10783,pg_catalog,pg_shseclabel,0,0,0,0,0,0,0,0,0,0,0,0,0,0,,,,
1415137575.10783,pg_catalog,pg_event_trigger,0,0,616,0,0,0,0,0,0,0,0,0,138,478,,,,
1415137575.10783,pg_toast,pg_toast_11742,0,0,0,0,0,0,0,0,0,0,0,0,0,0,,,,
1415137575.10783,pg_catalog,pg_foreign_table,0,0,0,0,0,0,0,0,0,0,0,0,0,0,,,,
1415137575.10783,information_schema,sql_sizing_profiles,0,0,,,0,0,0,0,0,0,0,0,,,0,0,0,0
1415137575.10783,public,orders,0,0,,,15000000,0,0,0,15000000,0,253333,543656,,,,,,
1415137575.10783,pg_catalog,pg_extension,0,0,0,0,0,0,0,0,0,0,0,0,0,0,,,,
1415137575.10783,pg_catalog,pg_ts_config,0,0,0,0,0,0,0,0,0,0,0,0,0,0,,,,
1415137575.10783,pg_catalog,pg_shdescription,0,0,0,0,0,0,0,0,0,0,0,0,0,0,0,0,0,0
1415137575.10783,pg_catalog,pg_cast,0,0,384404,96490,0,0,0,0,0,0,1653,94837,1705,395032,,,,
1415137575.10783,pg_catalog,pg_amop,0,0,109863,156619,0,0,0,0,0,0,3275,153344,5692,230079,,,,
1415137575.10783,public,nation,2,50,0,0,25,0,0,0,25,0,1,3,0,0,,,,
1415137575.10783,pg_catalog,pg_user_mapping,0,0,0,0,0,0,0,0,0,0,0,0,0,0,,,,
1415137575.10783,public,part,6,12000000,0,0,2000000,0,0,0,2000000,0,79007,327715,0,0,,,,
1415137575.10783,pg_catalog,pg_type,0,0,288405,286007,638,0,619,0,360,115,4284,284517,5431,589711,,,,
1415137575.10783,pg_catalog,pg_largeobject,0,0,0,0,0,0,0,0,0,0,0,0,0,0,,,,
1415137575.10783,pg_catalog,pg_ts_config_map,0,0,0,0,0,0,0,0,0,0,0,0,0,0,,,,
1415137575.10783,pg_catalog,pg_largeobject_metadata,0,0,0,0,0,0,0,0,0,0,0,0,0,0,,,,
1415137575.10783,pg_catalog,pg_am,13560,13560,0,0,0,0,0,0,0,0,999,12561,0,0,,,,
1415137575.10783,pg_toast,pg_toast_11722,0,0,0,0,0,0,0,0,0,0,0,0,0,0,,,,
1415137575.10783,pg_catalog,pg_ts_template,0,0,0,0,0,0,0,0,0,0,0,0,0,0,,,,
1415137575.10783,public,time_statistics,0,0,,,1,0,0,0,1,0,1,0,,,,,,
1415137575.10783,pg_catalog,pg_foreign_server,0,0,0,0,0,0,0,0,0,0,0,0,0,0,,,,
1415137575.10783,pg_catalog,pg_namespace,1664,18078,84646,72016,14,0,0,0,14,0,879,72837,2351,96717,,,,
1415137575.10783,pg_toast,pg_toast_2619,0,0,31871,106186,1584,0,1413,0,181,12,10228,41550,831,65324,,,,
1415137575.10783,pg_catalog,pg_authid,714,714,25407,25407,0,0,0,0,0,0,856,25265,3482,47332,,,,
1415137575.10783,pg_catalog,pg_default_acl,0,0,1292,0,0,0,0,0,0,0,0,0,134,1158,,,,
1415137575.10783,pg_catalog,pg_shdepend,0,0,1740,338,0,0,0,0,0,0,138,200,552,1826,,,,
1415137575.10783,pg_catalog,pg_constraint,0,0,118,56,62,0,56,0,8,0,36,337,64,610,0,0,0,0
1415137575.10783,pg_catalog,pg_index,3941,464452,130383,185789,248,0,231,0,132,60,4208,173727,3860,148760,,,,
1415137575.10783,pg_catalog,pg_ts_dict,0,0,0,0,0,0,0,0,0,0,0,0,0,0,,,,
1415137575.10783,pg_toast,pg_toast_2604,0,0,0,0,0,0,0,0,0,0,0,0,0,0,,,,
1415137575.10783,pg_toast,pg_toast_11732,0,0,0,0,0,0,0,0,0,0,0,0,0,0,,,,
1415137575.10783,pg_catalog,pg_proc,0,0,127787,188604,0,0,0,0,0,0,14846,129417,10968,268770,0,0,0,0
1415137635.11706,pg_catalog,pg_attrdef,0,0,0,0,0,0,0,0,0,0,0,0,0,0,0,0,0,0
1415137635.11706,pg_catalog,pg_db_role_setting,0,0,55984,0,0,0,0,0,0,0,0,0,1045,54939,0,0,0,0
1415137635.11706,pg_catalog,pg_rowsecurity,0,0,0,0,0,0,0,0,0,0,0,0,0,0,,,,
1415137635.11706,pg_catalog,pg_description,0,0,1401,0,0,0,0,0,0,0,0,0,412,2703,0,0,0,0
1415137635.11706,pg_catalog,pg_foreign_data_wrapper,0,0,0,0,0,0,0,0,0,0,0,0,0,0,,,,
1415137635.11706,pg_catalog,pg_conversion,0,0,0,0,0,0,0,0,0,0,0,0,0,0,,,,
1415137635.11706,information_schema,sql_features,0,0,,,0,0,0,0,0,0,0,0,,,0,0,0,0
1415137635.11706,public,customer,6,9000000,0,0,1500000,0,0,0,1500000,0,68533,294857,0,0,,,,
1415137635.11706,pg_catalog,pg_class,7738,2010685,415180,390483,574,198,544,188,329,0,9458,458491,9512,854282,,,,
1415137635.11706,pg_catalog,pg_opfamily,0,0,0,0,0,0,0,0,0,0,0,0,0,0,,,,
1415137635.11706,public,supplier,4,400000,0,0,100000,0,0,0,100000,0,2312,15648,0,0,,,,
1415137635.11706,pg_catalog,pg_auth_members,0,0,0,0,0,0,0,0,0,0,0,0,0,0,,,,
1415137635.11706,pg_catalog,pg_operator,0,0,90348,430916,0,0,0,0,0,0,10357,293220,7260,192497,,,,
1415137635.11706,information_schema,sql_packages,0,0,,,0,0,0,0,0,0,0,0,,,0,0,0,0
1415137635.11706,pg_catalog,pg_attribute,1045,7125,302046,625760,2236,78,2072,49,2500,326,14052,331608,6030,622795,,,,
1415137635.11706,pg_catalog,pg_tablespace,2,4,9695,9695,0,0,0,0,0,0,913,8784,1846,17588,,,,
1415137635.11706,pg_catalog,pg_statistic,0,0,70755,65751,544,1258,497,920,448,51,8316,61593,2945,150268,10228,41620,831,65428
1415137635.11706,pg_catalog,pg_aggregate,0,0,6133,6133,0,0,0,0,0,0,1019,5114,2125,8680,,,,
1415137635.11706,pg_catalog,pg_inherits,0,0,313,0,0,0,0,0,0,0,0,0,140,173,,,,
1415137635.11706,information_schema,sql_sizing,0,0,,,0,0,0,0,0,0,0,0,,,0,0,0,0
1415137635.11706,pg_catalog,pg_enum,0,0,0,0,0,0,0,0,0,0,0,0,0,0,,,,
1415137635.11706,pg_toast,pg_toast_2396,0,0,0,0,0,0,0,0,0,0,0,0,0,0,,,,
1415137635.11706,pg_catalog,pg_pltemplate,0,0,0,0,0,0,0,0,0,0,0,0,0,0,,,,
1415137635.11706,pg_toast,pg_toast_2618,0,0,3325,10630,0,0,0,0,0,0,1369,2656,467,4871,,,,
1415137635.11706,pg_toast,pg_toast_3596,0,0,0,0,0,0,0,0,0,0,0,0,0,0,,,,
1415137635.11706,public,lineitem,0,0,,,0,0,0,0,0,0,0,0,,,,,,
1415137635.11706,public,partsupp,3,24000000,0,0,8000000,0,0,0,8000000,0,340611,954509,0,0,,,,
1415137635.11706,pg_toast,pg_toast_11747,0,0,0,0,0,0,0,0,0,0,0,0,0,0,,,,
1415137635.11706,pg_toast,pg_toast_11727,0,0,0,0,0,0,0,0,0,0,0,0,0,0,,,,
1415137635.11706,pg_toast,pg_toast_2606,0,0,0,0,0,0,0,0,0,0,0,0,0,0,,,,
1415137635.11706,pg_toast,pg_toast_2964,0,0,0,0,0,0,0,0,0,0,0,0,0,0,,,,
1415137635.11706,pg_catalog,pg_database,2017,7894,48859,48857,1,0,0,0,1,0,717,50158,4413,72411,,,,
1415137635.11706,information_schema,sql_parts,0,0,,,0,0,0,0,0,0,0,0,,,0,0,0,0
1415137635.11706,pg_toast,pg_toast_2620,0,0,0,0,0,0,0,0,0,0,0,0,0,0,,,,
1415137635.11706,pg_toast,pg_toast_11737,0,0,0,0,0,0,0,0,0,0,0,0,0,0,,,,
1415137635.11706,pg_catalog,pg_depend,0,0,13545,14820,2555,0,2486,0,6664,1115,2148,17226,3307,35472,,,,
1415137635.11706,pg_catalog,pg_language,0,0,0,0,0,0,0,0,0,0,0,0,0,0,,,,
1415137635.11706,information_schema,sql_implementation_info,0,0,,,0,0,0,0,0,0,0,0,,,0,0,0,0
1415137635.11706,public,region,2,10,0,0,5,0,0,0,5,0,1,3,0,0,,,,
1415137635.11706,pg_catalog,pg_amproc,190,380,53329,83323,0,0,0,0,0,0,1173,51673,3149,116828,,,,
1415137635.11706,pg_catalog,pg_collation,0,0,0,0,0,0,0,0,0,0,0,0,0,0,,,,
1415137635.11706,pg_catalog,pg_range,0,0,2468,0,0,0,0,0,0,0,0,0,1930,3006,,,,
1415137635.11706,pg_toast,pg_toast_2609,0,0,0,0,0,0,0,0,0,0,0,0,0,0,,,,
1415137635.11706,pg_catalog,pg_opclass,190,190,71850,821975,0,0,0,0,0,0,2524,321320,3806,87231,,,,
1415137635.11706,pg_toast,pg_toast_11752,0,0,0,0,0,0,0,0,0,0,0,0,0,0,,,,
1415137635.11706,pg_catalog,pg_rewrite,0,0,5730,5184,182,0,182,0,110,48,1838,4577,947,8845,1369,2656,934,9742
1415137635.11706,pg_toast,pg_toast_1255,0,0,0,0,0,0,0,0,0,0,0,0,0,0,,,,
1415137635.11706,pg_catalog,pg_seclabel,0,0,1401,0,0,0,0,0,0,0,0,0,136,1265,0,0,0,0
1415137635.11706,information_schema,sql_languages,0,0,,,0,0,0,0,0,0,0,0,,,0,0,0,0
1415137635.11706,pg_catalog,pg_ts_parser,0,0,0,0,0,0,0,0,0,0,0,0,0,0,,,,
1415137635.11706,pg_catalog,pg_trigger,0,0,0,0,0,0,0,0,0,0,0,0,0,0,0,0,0,0
1415137635.11706,pg_catalog,pg_shseclabel,0,0,0,0,0,0,0,0,0,0,0,0,0,0,,,,
1415137635.11706,pg_catalog,pg_event_trigger,0,0,619,0,0,0,0,0,0,0,0,0,138,481,,,,
1415137635.11706,pg_toast,pg_toast_11742,0,0,0,0,0,0,0,0,0,0,0,0,0,0,,,,
1415137635.11706,pg_catalog,pg_foreign_table,0,0,0,0,0,0,0,0,0,0,0,0,0,0,,,,
1415137635.11706,information_schema,sql_sizing_profiles,0,0,,,0,0,0,0,0,0,0,0,,,0,0,0,0
1415137635.11706,public,orders,4,60000000,0,0,15000000,0,0,0,15000000,0,504554,1558780,0,0,,,,
1415137635.11706,pg_catalog,pg_extension,0,0,0,0,0,0,0,0,0,0,0,0,0,0,,,,
1415137635.11706,pg_catalog,pg_ts_config,0,0,0,0,0,0,0,0,0,0,0,0,0,0,,,,
1415137635.11706,pg_catalog,pg_shdescription,0,0,0,0,0,0,0,0,0,0,0,0,0,0,0,0,0,0
1415137635.11706,pg_catalog,pg_cast,0,0,384597,96550,0,0,0,0,0,0,1653,94897,1705,395234,,,,
1415137635.11706,pg_catalog,pg_amop,0,0,109916,156681,0,0,0,0,0,0,3275,153406,5692,230195,,,,
1415137635.11706,public,nation,2,50,0,0,25,0,0,0,25,0,1,3,0,0,,,,
1415137635.11706,pg_catalog,pg_user_mapping,0,0,0,0,0,0,0,0,0,0,0,0,0,0,,,,
1415137635.11706,public,part,6,12000000,0,0,2000000,0,0,0,2000000,0,79007,327715,0,0,,,,
1415137635.11706,pg_catalog,pg_type,0,0,288508,286110,638,0,619,0,360,115,4284,284620,5431,589926,,,,
1415137635.11706,pg_catalog,pg_largeobject,0,0,0,0,0,0,0,0,0,0,0,0,0,0,,,,
1415137635.11706,pg_catalog,pg_ts_config_map,0,0,0,0,0,0,0,0,0,0,0,0,0,0,,,,
1415137635.11706,pg_catalog,pg_largeobject_metadata,0,0,0,0,0,0,0,0,0,0,0,0,0,0,,,,
1415137635.11706,pg_catalog,pg_am,13570,13570,0,0,0,0,0,0,0,0,999,12571,0,0,,,,
1415137635.11706,pg_toast,pg_toast_11722,0,0,0,0,0,0,0,0,0,0,0,0,0,0,,,,
1415137635.11706,pg_catalog,pg_ts_template,0,0,0,0,0,0,0,0,0,0,0,0,0,0,,,,
1415137635.11706,public,time_statistics,0,0,,,1,0,0,0,1,0,1,0,,,,,,
1415137635.11706,pg_catalog,pg_foreign_server,0,0,0,0,0,0,0,0,0,0,0,0,0,0,,,,
1415137635.11706,pg_catalog,pg_namespace,1666,18118,84802,72163,14,0,0,0,14,0,879,72986,2351,96885,,,,
1415137635.11706,pg_toast,pg_toast_2619,0,0,31884,106192,1621,0,1413,0,218,12,10228,41620,831,65428,,,,
1415137635.11706,pg_catalog,pg_authid,715,715,25425,25425,0,0,0,0,0,0,856,25284,3482,47368,,,,
1415137635.11706,pg_catalog,pg_default_acl,0,0,1292,0,0,0,0,0,0,0,0,0,134,1158,,,,
1415137635.11706,pg_catalog,pg_shdepend,0,0,1740,338,0,0,0,0,0,0,138,200,552,1826,,,,
1415137635.11706,pg_catalog,pg_constraint,0,0,119,56,63,0,56,0,9,0,36,341,64,619,0,0,0,0
1415137635.11706,pg_catalog,pg_index,3946,465112,130468,185906,251,0,231,0,135,60,4208,173860,3860,148867,,,,
1415137635.11706,pg_catalog,pg_ts_dict,0,0,0,0,0,0,0,0,0,0,0,0,0,0,,,,
1415137635.11706,pg_toast,pg_toast_2604,0,0,0,0,0,0,0,0,0,0,0,0,0,0,,,,
1415137635.11706,pg_toast,pg_toast_11732,0,0,0,0,0,0,0,0,0,0,0,0,0,0,,,,
1415137635.11706,pg_catalog,pg_proc,0,0,127865,188717,0,0,0,0,0,0,14846,129515,10968,268936,0,0,0,0
1415137695.11896,pg_catalog,pg_attrdef,0,0,0,0,0,0,0,0,0,0,0,0,0,0,0,0,0,0
1415137695.11896,pg_catalog,pg_db_role_setting,0,0,56012,0,0,0,0,0,0,0,0,0,1045,54967,0,0,0,0
1415137695.11896,pg_catalog,pg_rowsecurity,0,0,0,0,0,0,0,0,0,0,0,0,0,0,,,,
1415137695.11896,pg_catalog,pg_description,0,0,1401,0,0,0,0,0,0,0,0,0,412,2703,0,0,0,0
1415137695.11896,pg_catalog,pg_foreign_data_wrapper,0,0,0,0,0,0,0,0,0,0,0,0,0,0,,,,
1415137695.11896,pg_catalog,pg_conversion,0,0,0,0,0,0,0,0,0,0,0,0,0,0,,,,
1415137695.11896,information_schema,sql_features,0,0,,,0,0,0,0,0,0,0,0,,,0,0,0,0
1415137695.11896,public,customer,6,9000000,0,0,1500000,0,0,0,1500000,0,68533,294857,0,0,,,,
1415137695.11896,pg_catalog,pg_class,7748,2013663,415514,390797,574,198,544,188,329,0,9458,458916,9512,854966,,,,
1415137695.11896,pg_catalog,pg_opfamily,0,0,0,0,0,0,0,0,0,0,0,0,0,0,,,,
1415137695.11896,public,supplier,4,400000,0,0,100000,0,0,0,100000,0,2312,15648,0,0,,,,
1415137695.11896,pg_catalog,pg_auth_members,0,0,0,0,0,0,0,0,0,0,0,0,0,0,,,,
1415137695.11896,pg_catalog,pg_operator,0,0,90365,430933,0,0,0,0,0,0,10357,293237,7260,192539,,,,
1415137695.11896,information_schema,sql_packages,0,0,,,0,0,0,0,0,0,0,0,,,0,0,0,0
1415137695.11896,pg_catalog,pg_attribute,1045,7125,302252,626098,2236,78,2072,49,2500,326,14052,331821,6030,623215,,,,
1415137695.11896,pg_catalog,pg_tablespace,2,4,9700,9700,0,0,0,0,0,0,913,8789,1846,17598,,,,
1415137695.11896,pg_catalog,pg_statistic,0,0,70780,65770,544,1258,497,920,448,51,8316,61612,2945,150323,10228,41626,831,65437
1415137695.11896,pg_catalog,pg_aggregate,0,0,6134,6134,0,0,0,0,0,0,1019,5115,2125,8682,,,,
1415137695.11896,pg_catalog,pg_inherits,0,0,313,0,0,0,0,0,0,0,0,0,140,173,,,,
1415137695.11896,information_schema,sql_sizing,0,0,,,0,0,0,0,0,0,0,0,,,0,0,0,0
1415137695.11896,pg_catalog,pg_enum,0,0,0,0,0,0,0,0,0,0,0,0,0,0,,,,
1415137695.11896,pg_toast,pg_toast_2396,0,0,0,0,0,0,0,0,0,0,0,0,0,0,,,,
1415137695.11896,pg_catalog,pg_pltemplate,0,0,0,0,0,0,0,0,0,0,0,0,0,0,,,,
1415137695.11896,pg_toast,pg_toast_2618,0,0,3330,10646,0,0,0,0,0,0,1369,2662,467,4879,,,,
1415137695.11896,pg_toast,pg_toast_3596,0,0,0,0,0,0,0,0,0,0,0,0,0,0,,,,
1415137695.11896,public,lineitem,0,0,,,0,0,0,0,0,0,0,0,,,,,,
1415137695.11896,public,partsupp,3,24000000,0,0,8000000,0,0,0,8000000,0,340611,954509,0,0,,,,
1415137695.11896,pg_toast,pg_toast_11747,0,0,0,0,0,0,0,0,0,0,0,0,0,0,,,,
1415137695.11896,pg_toast,pg_toast_11727,0,0,0,0,0,0,0,0,0,0,0,0,0,0,,,,
1415137695.11896,pg_toast,pg_toast_2606,0,0,0,0,0,0,0,0,0,0,0,0,0,0,,,,
1415137695.11896,pg_toast,pg_toast_2964,0,0,0,0,0,0,0,0,0,0,0,0,0,0,,,,
1415137695.11896,pg_catalog,pg_database,2020,7906,48887,48885,1,0,0,0,1,0,717,50189,4413,72453,,,,
1415137695.11896,information_schema,sql_parts,0,0,,,0,0,0,0,0,0,0,0,,,0,0,0,0
1415137695.11896,pg_toast,pg_toast_2620,0,0,0,0,0,0,0,0,0,0,0,0,0,0,,,,
1415137695.11896,pg_toast,pg_toast_11737,0,0,0,0,0,0,0,0,0,0,0,0,0,0,,,,
1415137695.11896,pg_catalog,pg_depend,0,0,13545,14820,2555,0,2486,0,6664,1115,2148,17226,3307,35472,,,,
1415137695.11896,pg_catalog,pg_language,0,0,0,0,0,0,0,0,0,0,0,0,0,0,,,,
1415137695.11896,information_schema,sql_implementation_info,0,0,,,0,0,0,0,0,0,0,0,,,0,0,0,0
1415137695.11896,public,region,2,10,0,0,5,0,0,0,5,0,1,3,0,0,,,,
1415137695.11896,pg_catalog,pg_amproc,190,380,53346,83350,0,0,0,0,0,0,1173,51690,3149,116868,,,,
1415137695.11896,pg_catalog,pg_collation,0,0,0,0,0,0,0,0,0,0,0,0,0,0,,,,
1415137695.11896,pg_catalog,pg_range,0,0,2468,0,0,0,0,0,0,0,0,0,1930,3006,,,,
1415137695.11896,pg_toast,pg_toast_2609,0,0,0,0,0,0,0,0,0,0,0,0,0,0,,,,
1415137695.11896,pg_catalog,pg_opclass,190,190,71868,822160,0,0,0,0,0,0,2524,321390,3806,87258,,,,
1415137695.11896,pg_toast,pg_toast_11752,0,0,0,0,0,0,0,0,0,0,0,0,0,0,,,,
1415137695.11896,pg_catalog,pg_rewrite,0,0,5737,5191,182,0,182,0,110,48,1838,4584,947,8857,1369,2662,934,9758
1415137695.11896,pg_toast,pg_toast_1255,0,0,0,0,0,0,0,0,0,0,0,0,0,0,,,,
1415137695.11896,pg_catalog,pg_seclabel,0,0,1401,0,0,0,0,0,0,0,0,0,136,1265,0,0,0,0
1415137695.11896,information_schema,sql_languages,0,0,,,0,0,0,0,0,0,0,0,,,0,0,0,0
1415137695.11896,pg_catalog,pg_ts_parser,0,0,0,0,0,0,0,0,0,0,0,0,0,0,,,,
1415137695.11896,pg_catalog,pg_trigger,0,0,0,0,0,0,0,0,0,0,0,0,0,0,0,0,0,0
1415137695.11896,pg_catalog,pg_shseclabel,0,0,0,0,0,0,0,0,0,0,0,0,0,0,,,,
1415137695.11896,pg_catalog,pg_event_trigger,0,0,619,0,0,0,0,0,0,0,0,0,138,481,,,,
1415137695.11896,pg_toast,pg_toast_11742,0,0,0,0,0,0,0,0,0,0,0,0,0,0,,,,
1415137695.11896,pg_catalog,pg_foreign_table,0,0,0,0,0,0,0,0,0,0,0,0,0,0,,,,
1415137695.11896,information_schema,sql_sizing_profiles,0,0,,,0,0,0,0,0,0,0,0,,,0,0,0,0
1415137695.11896,public,orders,4,60000000,0,0,15000000,0,0,0,15000000,0,504554,1558780,0,0,,,,
1415137695.11896,pg_catalog,pg_extension,0,0,0,0,0,0,0,0,0,0,0,0,0,0,,,,
1415137695.11896,pg_catalog,pg_ts_config,0,0,0,0,0,0,0,0,0,0,0,0,0,0,,,,
1415137695.11896,pg_catalog,pg_shdescription,0,0,0,0,0,0,0,0,0,0,0,0,0,0,0,0,0,0
1415137695.11896,pg_catalog,pg_cast,0,0,384666,96578,0,0,0,0,0,0,1653,94925,1705,395308,,,,
1415137695.11896,pg_catalog,pg_amop,0,0,109949,156722,0,0,0,0,0,0,3275,153447,5692,230269,,,,
1415137695.11896,public,nation,2,50,0,0,25,0,0,0,25,0,1,3,0,0,,,,
1415137695.11896,pg_catalog,pg_user_mapping,0,0,0,0,0,0,0,0,0,0,0,0,0,0,,,,
1415137695.11896,public,part,6,12000000,0,0,2000000,0,0,0,2000000,0,79007,327715,0,0,,,,
1415137695.11896,pg_catalog,pg_type,0,0,288600,286202,638,0,619,0,360,115,4284,284712,5431,590115,,,,
1415137695.11896,pg_catalog,pg_largeobject,0,0,0,0,0,0,0,0,0,0,0,0,0,0,,,,
1415137695.11896,pg_catalog,pg_ts_config_map,0,0,0,0,0,0,0,0,0,0,0,0,0,0,,,,
1415137695.11896,pg_catalog,pg_largeobject_metadata,0,0,0,0,0,0,0,0,0,0,0,0,0,0,,,,
1415137695.11896,pg_catalog,pg_am,13576,13576,0,0,0,0,0,0,0,0,999,12577,0,0,,,,
1415137695.11896,pg_toast,pg_toast_11722,0,0,0,0,0,0,0,0,0,0,0,0,0,0,,,,
1415137695.11896,pg_catalog,pg_ts_template,0,0,0,0,0,0,0,0,0,0,0,0,0,0,,,,
1415137695.11896,public,time_statistics,0,0,,,1,0,0,0,1,0,1,0,,,,,,
1415137695.11896,pg_catalog,pg_foreign_server,0,0,0,0,0,0,0,0,0,0,0,0,0,0,,,,
1415137695.11896,pg_catalog,pg_namespace,1668,18158,84952,72308,14,0,0,0,14,0,879,73133,2351,97042,,,,
1415137695.11896,pg_toast,pg_toast_2619,0,0,31887,106198,1621,0,1413,0,218,12,10228,41626,831,65437,,,,
1415137695.11896,pg_catalog,pg_authid,716,716,25435,25435,0,0,0,0,0,0,856,25295,3482,47388,,,,
1415137695.11896,pg_catalog,pg_default_acl,0,0,1292,0,0,0,0,0,0,0,0,0,134,1158,,,,
1415137695.11896,pg_catalog,pg_shdepend,0,0,1740,338,0,0,0,0,0,0,138,200,552,1826,,,,
1415137695.11896,pg_catalog,pg_constraint,0,0,119,56,63,0,56,0,9,0,36,341,64,619,0,0,0,0
1415137695.11896,pg_catalog,pg_index,3951,465787,130512,185963,251,0,231,0,135,60,4208,173939,3860,148922,,,,
1415137695.11896,pg_catalog,pg_ts_dict,0,0,0,0,0,0,0,0,0,0,0,0,0,0,,,,
1415137695.11896,pg_toast,pg_toast_2604,0,0,0,0,0,0,0,0,0,0,0,0,0,0,,,,
1415137695.11896,pg_toast,pg_toast_11732,0,0,0,0,0,0,0,0,0,0,0,0,0,0,,,,
1415137695.11896,pg_catalog,pg_proc,0,0,127943,188830,0,0,0,0,0,0,14846,129613,10968,269102,0,0,0,0
1415137755.12326,pg_catalog,pg_attrdef,0,0,0,0,0,0,0,0,0,0,0,0,0,0,0,0,0,0
1415137755.12326,pg_catalog,pg_db_role_setting,0,0,56040,0,0,0,0,0,0,0,0,0,1045,54995,0,0,0,0
1415137755.12326,pg_catalog,pg_rowsecurity,0,0,0,0,0,0,0,0,0,0,0,0,0,0,,,,
1415137755.12326,pg_catalog,pg_description,0,0,1401,0,0,0,0,0,0,0,0,0,412,2703,0,0,0,0
1415137755.12326,pg_catalog,pg_foreign_data_wrapper,0,0,0,0,0,0,0,0,0,0,0,0,0,0,,,,
1415137755.12326,pg_catalog,pg_conversion,0,0,0,0,0,0,0,0,0,0,0,0,0,0,,,,
1415137755.12326,information_schema,sql_features,0,0,,,0,0,0,0,0,0,0,0,,,0,0,0,0
1415137755.12326,public,customer,6,9000000,0,0,1500000,0,0,0,1500000,0,68533,294857,0,0,,,,
1415137755.12326,pg_catalog,pg_class,7759,2016970,415857,391120,574,198,544,188,329,0,9458,459361,9512,855670,,,,
1415137755.12326,pg_catalog,pg_opfamily,0,0,0,0,0,0,0,0,0,0,0,0,0,0,,,,
1415137755.12326,public,supplier,4,400000,0,0,100000,0,0,0,100000,0,2312,15648,0,0,,,,
1415137755.12326,pg_catalog,pg_auth_members,0,0,0,0,0,0,0,0,0,0,0,0,0,0,,,,
1415137755.12326,pg_catalog,pg_operator,0,0,90384,430952,0,0,0,0,0,0,10357,293256,7260,192587,,,,
1415137755.12326,information_schema,sql_packages,0,0,,,0,0,0,0,0,0,0,0,,,0,0,0,0
1415137755.12326,pg_catalog,pg_attribute,1045,7125,302469,626465,2236,78,2072,49,2500,326,14052,332045,6030,623657,,,,
1415137755.12326,pg_catalog,pg_tablespace,2,4,9705,9705,0,0,0,0,0,0,913,8794,1846,17608,,,,
1415137755.12326,pg_catalog,pg_statistic,0,0,70808,65792,544,1258,497,920,448,51,8316,61634,2945,150385,10228,41634,831,65449
1415137755.12326,pg_catalog,pg_aggregate,0,0,6135,6135,0,0,0,0,0,0,1019,5116,2125,8684,,,,
1415137755.12326,pg_catalog,pg_inherits,0,0,313,0,0,0,0,0,0,0,0,0,140,173,,,,
1415137755.12326,information_schema,sql_sizing,0,0,,,0,0,0,0,0,0,0,0,,,0,0,0,0
1415137755.12326,pg_catalog,pg_enum,0,0,0,0,0,0,0,0,0,0,0,0,0,0,,,,
1415137755.12326,pg_toast,pg_toast_2396,0,0,0,0,0,0,0,0,0,0,0,0,0,0,,,,
1415137755.12326,pg_catalog,pg_pltemplate,0,0,0,0,0,0,0,0,0,0,0,0,0,0,,,,
1415137755.12326,pg_toast,pg_toast_2618,0,0,3335,10662,0,0,0,0,0,0,1369,2668,467,4887,,,,
1415137755.12326,pg_toast,pg_toast_3596,0,0,0,0,0,0,0,0,0,0,0,0,0,0,,,,
1415137755.12326,public,lineitem,0,0,,,0,0,0,0,0,0,0,0,,,,,,
1415137755.12326,public,partsupp,3,24000000,0,0,8000000,0,0,0,8000000,0,340611,954509,0,0,,,,
1415137755.12326,pg_toast,pg_toast_11747,0,0,0,0,0,0,0,0,0,0,0,0,0,0,,,,
1415137755.12326,pg_toast,pg_toast_11727,0,0,0,0,0,0,0,0,0,0,0,0,0,0,,,,
1415137755.12326,pg_toast,pg_toast_2606,0,0,0,0,0,0,0,0,0,0,0,0,0,0,,,,
1415137755.12326,pg_toast,pg_toast_2964,0,0,0,0,0,0,0,0,0,0,0,0,0,0,,,,
1415137755.12326,pg_catalog,pg_database,2023,7918,48916,48914,1,0,0,0,1,0,717,50221,4413,72496,,,,
1415137755.12326,information_schema,sql_parts,0,0,,,0,0,0,0,0,0,0,0,,,0,0,0,0
1415137755.12326,pg_toast,pg_toast_2620,0,0,0,0,0,0,0,0,0,0,0,0,0,0,,,,
1415137755.12326,pg_toast,pg_toast_11737,0,0,0,0,0,0,0,0,0,0,0,0,0,0,,,,
1415137755.12326,pg_catalog,pg_depend,0,0,13545,14820,2555,0,2486,0,6664,1115,2148,17226,3307,35472,,,,
1415137755.12326,pg_catalog,pg_language,0,0,0,0,0,0,0,0,0,0,0,0,0,0,,,,
1415137755.12326,information_schema,sql_implementation_info,0,0,,,0,0,0,0,0,0,0,0,,,0,0,0,0
1415137755.12326,public,region,2,10,0,0,5,0,0,0,5,0,1,3,0,0,,,,
1415137755.12326,pg_catalog,pg_amproc,190,380,53367,83382,0,0,0,0,0,0,1173,51711,3149,116916,,,,
1415137755.12326,pg_catalog,pg_collation,0,0,0,0,0,0,0,0,0,0,0,0,0,0,,,,
1415137755.12326,pg_catalog,pg_range,0,0,2468,0,0,0,0,0,0,0,0,0,1930,3006,,,,
1415137755.12326,pg_toast,pg_toast_2609,0,0,0,0,0,0,0,0,0,0,0,0,0,0,,,,
1415137755.12326,pg_catalog,pg_opclass,190,190,71891,822431,0,0,0,0,0,0,2524,321493,3806,87291,,,,
1415137755.12326,pg_toast,pg_toast_11752,0,0,0,0,0,0,0,0,0,0,0,0,0,0,,,,
1415137755.12326,pg_catalog,pg_rewrite,0,0,5745,5199,182,0,182,0,110,48,1838,4592,947,8871,1369,2668,934,9774
1415137755.12326,pg_toast,pg_toast_1255,0,0,0,0,0,0,0,0,0,0,0,0,0,0,,,,
1415137755.12326,pg_catalog,pg_seclabel,0,0,1401,0,0,0,0,0,0,0,0,0,136,1265,0,0,0,0
1415137755.12326,information_schema,sql_languages,0,0,,,0,0,0,0,0,0,0,0,,,0,0,0,0
1415137755.12326,pg_catalog,pg_ts_parser,0,0,0,0,0,0,0,0,0,0,0,0,0,0,,,,
1415137755.12326,pg_catalog,pg_trigger,0,0,0,0,0,0,0,0,0,0,0,0,0,0,0,0,0,0
1415137755.12326,pg_catalog,pg_shseclabel,0,0,0,0,0,0,0,0,0,0,0,0,0,0,,,,
1415137755.12326,pg_catalog,pg_event_trigger,0,0,619,0,0,0,0,0,0,0,0,0,138,481,,,,
1415137755.12326,pg_toast,pg_toast_11742,0,0,0,0,0,0,0,0,0,0,0,0,0,0,,,,
1415137755.12326,pg_catalog,pg_foreign_table,0,0,0,0,0,0,0,0,0,0,0,0,0,0,,,,
1415137755.12326,information_schema,sql_sizing_profiles,0,0,,,0,0,0,0,0,0,0,0,,,0,0,0,0
1415137755.12326,public,orders,4,60000000,0,0,15000000,0,0,0,15000000,0,504554,1558780,0,0,,,,
1415137755.12326,pg_catalog,pg_extension,0,0,0,0,0,0,0,0,0,0,0,0,0,0,,,,
1415137755.12326,pg_catalog,pg_ts_config,0,0,0,0,0,0,0,0,0,0,0,0,0,0,,,,
1415137755.12326,pg_catalog,pg_shdescription,0,0,0,0,0,0,0,0,0,0,0,0,0,0,0,0,0,0
1415137755.12326,pg_catalog,pg_cast,0,0,384764,96612,0,0,0,0,0,0,1653,94959,1705,395412,,,,
1415137755.12326,pg_catalog,pg_amop,0,0,109992,156775,0,0,0,0,0,0,3275,153500,5692,230365,,,,
1415137755.12326,public,nation,2,50,0,0,25,0,0,0,25,0,1,3,0,0,,,,
1415137755.12326,pg_catalog,pg_user_mapping,0,0,0,0,0,0,0,0,0,0,0,0,0,0,,,,
1415137755.12326,public,part,6,12000000,0,0,2000000,0,0,0,2000000,0,79007,327715,0,0,,,,
1415137755.12326,pg_catalog,pg_type,0,0,288712,286314,638,0,619,0,360,115,4284,284824,5431,590345,,,,
1415137755.12326,pg_catalog,pg_largeobject,0,0,0,0,0,0,0,0,0,0,0,0,0,0,,,,
1415137755.12326,pg_catalog,pg_ts_config_map,0,0,0,0,0,0,0,0,0,0,0,0,0,0,,,,
1415137755.12326,pg_catalog,pg_largeobject_metadata,0,0,0,0,0,0,0,0,0,0,0,0,0,0,,,,
1415137755.12326,pg_catalog,pg_am,13582,13582,0,0,0,0,0,0,0,0,999,12583,0,0,,,,
1415137755.12326,pg_toast,pg_toast_11722,0,0,0,0,0,0,0,0,0,0,0,0,0,0,,,,
1415137755.12326,pg_catalog,pg_ts_template,0,0,0,0,0,0,0,0,0,0,0,0,0,0,,,,
1415137755.12326,public,time_statistics,0,0,,,1,0,0,0,1,0,1,0,,,,,,
1415137755.12326,pg_catalog,pg_foreign_server,0,0,0,0,0,0,0,0,0,0,0,0,0,0,,,,
1415137755.12326,pg_catalog,pg_namespace,1670,18198,85105,72455,14,0,0,0,14,0,879,73282,2351,97203,,,,
1415137755.12326,pg_toast,pg_toast_2619,0,0,31891,106206,1621,0,1413,0,218,12,10228,41634,831,65449,,,,
1415137755.12326,pg_catalog,pg_authid,717,717,25445,25445,0,0,0,0,0,0,856,25306,3482,47408,,,,
1415137755.12326,pg_catalog,pg_default_acl,0,0,1292,0,0,0,0,0,0,0,0,0,134,1158,,,,
1415137755.12326,pg_catalog,pg_shdepend,0,0,1740,338,0,0,0,0,0,0,138,200,552,1826,,,,
1415137755.12326,pg_catalog,pg_constraint,0,0,119,56,63,0,56,0,9,0,36,341,64,619,0,0,0,0
1415137755.12326,pg_catalog,pg_index,3956,466462,130561,186027,251,0,231,0,135,60,4208,174023,3860,148983,,,,
1415137755.12326,pg_catalog,pg_ts_dict,0,0,0,0,0,0,0,0,0,0,0,0,0,0,,,,
1415137755.12326,pg_toast,pg_toast_2604,0,0,0,0,0,0,0,0,0,0,0,0,0,0,,,,
1415137755.12326,pg_toast,pg_toast_11732,0,0,0,0,0,0,0,0,0,0,0,0,0,0,,,,
1415137755.12326,pg_catalog,pg_proc,0,0,128027,188956,0,0,0,0,0,0,14846,129721,10968,269282,0,0,0,0
1415137815.126,pg_catalog,pg_attrdef,0,0,0,0,0,0,0,0,0,0,0,0,0,0,0,0,0,0
1415137815.126,pg_catalog,pg_db_role_setting,0,0,56100,0,0,0,0,0,0,0,0,0,1045,55055,0,0,0,0
1415137815.126,pg_catalog,pg_rowsecurity,0,0,0,0,0,0,0,0,0,0,0,0,0,0,,,,
1415137815.126,pg_catalog,pg_description,0,0,1401,0,0,0,0,0,0,0,0,0,412,2703,0,0,0,0
1415137815.126,pg_catalog,pg_foreign_data_wrapper,0,0,0,0,0,0,0,0,0,0,0,0,0,0,,,,
1415137815.126,pg_catalog,pg_conversion,0,0,0,0,0,0,0,0,0,0,0,0,0,0,,,,
1415137815.126,information_schema,sql_features,0,0,,,0,0,0,0,0,0,0,0,,,0,0,0,0
1415137815.126,public,customer,6,9000000,0,0,1500000,0,0,0,1500000,0,68533,294857,0,0,,,,
1415137815.126,pg_catalog,pg_class,7768,2019619,416202,391444,574,198,544,188,329,0,9458,459785,9512,856383,,,,
1415137815.126,pg_catalog,pg_opfamily,0,0,0,0,0,0,0,0,0,0,0,0,0,0,,,,
1415137815.126,public,supplier,4,400000,0,0,100000,0,0,0,100000,0,2312,15648,0,0,,,,
1415137815.126,pg_catalog,pg_auth_members,0,0,0,0,0,0,0,0,0,0,0,0,0,0,,,,
1415137815.126,pg_catalog,pg_operator,0,0,90399,430967,0,0,0,0,0,0,10357,293271,7260,192623,,,,
1415137815.126,information_schema,sql_packages,0,0,,,0,0,0,0,0,0,0,0,,,0,0,0,0
1415137815.126,pg_catalog,pg_attribute,1045,7125,302681,626830,2236,78,2072,49,2500,326,14052,332272,6030,624097,,,,
1415137815.126,pg_catalog,pg_tablespace,2,4,9710,9710,0,0,0,0,0,0,913,8799,1846,17618,,,,
1415137815.126,pg_catalog,pg_statistic,0,0,70830,65808,544,1258,497,920,448,51,8316,61650,2945,150433,10228,41638,831,65455
1415137815.126,pg_catalog,pg_aggregate,0,0,6136,6136,0,0,0,0,0,0,1019,5117,2125,8686,,,,
1415137815.126,pg_catalog,pg_inherits,0,0,313,0,0,0,0,0,0,0,0,0,140,173,,,,
1415137815.126,information_schema,sql_sizing,0,0,,,0,0,0,0,0,0,0,0,,,0,0,0,0
1415137815.126,pg_catalog,pg_enum,0,0,0,0,0,0,0,0,0,0,0,0,0,0,,,,
1415137815.126,pg_toast,pg_toast_2396,0,0,0,0,0,0,0,0,0,0,0,0,0,0,,,,
1415137815.126,pg_catalog,pg_pltemplate,0,0,0,0,0,0,0,0,0,0,0,0,0,0,,,,
1415137815.126,pg_toast,pg_toast_2618,0,0,3340,10678,0,0,0,0,0,0,1369,2674,467,4895,,,,
1415137815.126,pg_toast,pg_toast_3596,0,0,0,0,0,0,0,0,0,0,0,0,0,0,,,,
1415137815.126,public,lineitem,0,0,,,59986052,0,0,0,59986052,0,1065680,2307885,,,,,,
1415137815.126,public,partsupp,3,24000000,0,0,8000000,0,0,0,8000000,0,340611,954509,0,0,,,,
1415137815.126,pg_toast,pg_toast_11747,0,0,0,0,0,0,0,0,0,0,0,0,0,0,,,,
1415137815.126,pg_toast,pg_toast_11727,0,0,0,0,0,0,0,0,0,0,0,0,0,0,,,,
1415137815.126,pg_toast,pg_toast_2606,0,0,0,0,0,0,0,0,0,0,0,0,0,0,,,,
1415137815.126,pg_toast,pg_toast_2964,0,0,0,0,0,0,0,0,0,0,0,0,0,0,,,,
1415137815.126,pg_catalog,pg_database,2026,7930,48968,48966,1,0,0,0,1,0,717,50276,4413,72578,,,,
1415137815.126,information_schema,sql_parts,0,0,,,0,0,0,0,0,0,0,0,,,0,0,0,0
1415137815.126,pg_toast,pg_toast_2620,0,0,0,0,0,0,0,0,0,0,0,0,0,0,,,,
1415137815.126,pg_toast,pg_toast_11737,0,0,0,0,0,0,0,0,0,0,0,0,0,0,,,,
1415137815.126,pg_catalog,pg_depend,0,0,13545,14820,2555,0,2486,0,6664,1115,2148,17226,3307,35472,,,,
1415137815.126,pg_catalog,pg_language,0,0,0,0,0,0,0,0,0,0,0,0,0,0,,,,
1415137815.126,information_schema,sql_implementation_info,0,0,,,0,0,0,0,0,0,0,0,,,0,0,0,0
1415137815.126,public,region,2,10,0,0,5,0,0,0,5,0,1,3,0,0,,,,
1415137815.126,pg_catalog,pg_amproc,190,380,53388,83420,0,0,0,0,0,0,1173,51732,3149,116972,,,,
1415137815.126,pg_catalog,pg_collation,0,0,0,0,0,0,0,0,0,0,0,0,0,0,,,,
1415137815.126,pg_catalog,pg_range,0,0,2468,0,0,0,0,0,0,0,0,0,1930,3006,,,,
1415137815.126,pg_toast,pg_toast_2609,0,0,0,0,0,0,0,0,0,0,0,0,0,0,,,,
1415137815.126,pg_catalog,pg_opclass,190,190,71912,822538,0,0,0,0,0,0,2524,321538,3806,87328,,,,
1415137815.126,pg_toast,pg_toast_11752,0,0,0,0,0,0,0,0,0,0,0,0,0,0,,,,
1415137815.126,pg_catalog,pg_rewrite,0,0,5751,5205,182,0,182,0,110,48,1838,4598,947,8881,1369,2674,934,9790
1415137815.126,pg_toast,pg_toast_1255,0,0,0,0,0,0,0,0,0,0,0,0,0,0,,,,
1415137815.126,pg_catalog,pg_seclabel,0,0,1401,0,0,0,0,0,0,0,0,0,136,1265,0,0,0,0
1415137815.126,information_schema,sql_languages,0,0,,,0,0,0,0,0,0,0,0,,,0,0,0,0
1415137815.126,pg_catalog,pg_ts_parser,0,0,0,0,0,0,0,0,0,0,0,0,0,0,,,,
1415137815.126,pg_catalog,pg_trigger,0,0,0,0,0,0,0,0,0,0,0,0,0,0,0,0,0,0
1415137815.126,pg_catalog,pg_shseclabel,0,0,0,0,0,0,0,0,0,0,0,0,0,0,,,,
1415137815.126,pg_catalog,pg_event_trigger,0,0,619,0,0,0,0,0,0,0,0,0,138,481,,,,
1415137815.126,pg_toast,pg_toast_11742,0,0,0,0,0,0,0,0,0,0,0,0,0,0,,,,
1415137815.126,pg_catalog,pg_foreign_table,0,0,0,0,0,0,0,0,0,0,0,0,0,0,,,,
1415137815.126,information_schema,sql_sizing_profiles,0,0,,,0,0,0,0,0,0,0,0,,,0,0,0,0
1415137815.126,public,orders,4,60000000,0,0,15000000,0,0,0,15000000,0,504554,1558780,0,0,,,,
1415137815.126,pg_catalog,pg_extension,0,0,0,0,0,0,0,0,0,0,0,0,0,0,,,,
1415137815.126,pg_catalog,pg_ts_config,0,0,0,0,0,0,0,0,0,0,0,0,0,0,,,,
1415137815.126,pg_catalog,pg_shdescription,0,0,0,0,0,0,0,0,0,0,0,0,0,0,0,0,0,0
1415137815.126,pg_catalog,pg_cast,0,0,384804,96634,0,0,0,0,0,0,1653,94981,1705,395456,,,,
1415137815.126,pg_catalog,pg_amop,0,0,110015,156804,0,0,0,0,0,0,3275,153529,5692,230417,,,,
1415137815.126,public,nation,2,50,0,0,25,0,0,0,25,0,1,3,0,0,,,,
1415137815.126,pg_catalog,pg_user_mapping,0,0,0,0,0,0,0,0,0,0,0,0,0,0,,,,
1415137815.126,public,part,6,12000000,0,0,2000000,0,0,0,2000000,0,79007,327715,0,0,,,,
1415137815.126,pg_catalog,pg_type,0,0,288789,286391,638,0,619,0,360,115,4284,284901,5431,590504,,,,
1415137815.126,pg_catalog,pg_largeobject,0,0,0,0,0,0,0,0,0,0,0,0,0,0,,,,
1415137815.126,pg_catalog,pg_ts_config_map,0,0,0,0,0,0,0,0,0,0,0,0,0,0,,,,
1415137815.126,pg_catalog,pg_largeobject_metadata,0,0,0,0,0,0,0,0,0,0,0,0,0,0,,,,
1415137815.126,pg_catalog,pg_am,13596,13596,0,0,0,0,0,0,0,0,999,12597,0,0,,,,
1415137815.126,pg_toast,pg_toast_11722,0,0,0,0,0,0,0,0,0,0,0,0,0,0,,,,
1415137815.126,pg_catalog,pg_ts_template,0,0,0,0,0,0,0,0,0,0,0,0,0,0,,,,
1415137815.126,public,time_statistics,0,0,,,1,0,0,0,1,0,1,0,,,,,,
1415137815.126,pg_catalog,pg_foreign_server,0,0,0,0,0,0,0,0,0,0,0,0,0,0,,,,
1415137815.126,pg_catalog,pg_namespace,1672,18238,85254,72599,14,0,0,0,14,0,879,73428,2351,97359,,,,
1415137815.126,pg_toast,pg_toast_2619,0,0,31893,106210,1621,0,1413,0,218,12,10228,41638,831,65455,,,,
1415137815.126,pg_catalog,pg_authid,718,718,25471,25471,0,0,0,0,0,0,856,25333,3482,47460,,,,
1415137815.126,pg_catalog,pg_default_acl,0,0,1292,0,0,0,0,0,0,0,0,0,134,1158,,,,
1415137815.126,pg_catalog,pg_shdepend,0,0,1740,338,0,0,0,0,0,0,138,200,552,1826,,,,
1415137815.126,pg_catalog,pg_constraint,0,0,119,56,63,0,56,0,9,0,36,341,64,619,0,0,0,0
1415137815.126,pg_catalog,pg_index,3961,467137,130608,186085,251,0,231,0,135,60,4208,174105,3860,149048,,,,
1415137815.126,pg_catalog,pg_ts_dict,0,0,0,0,0,0,0,0,0,0,0,0,0,0,,,,
1415137815.126,pg_toast,pg_toast_2604,0,0,0,0,0,0,0,0,0,0,0,0,0,0,,,,
1415137815.126,pg_toast,pg_toast_11732,0,0,0,0,0,0,0,0,0,0,0,0,0,0,,,,
1415137815.126,pg_catalog,pg_proc,0,0,128099,189056,0,0,0,0,0,0,14846,129809,10968,269434,0,0,0,0
1415137875.12966,pg_catalog,pg_attrdef,0,0,0,0,0,0,0,0,0,0,0,0,0,0,0,0,0,0
1415137875.12966,pg_catalog,pg_db_role_setting,0,0,56128,0,0,0,0,0,0,0,0,0,1045,55083,0,0,0,0
1415137875.12966,pg_catalog,pg_rowsecurity,0,0,0,0,0,0,0,0,0,0,0,0,0,0,,,,
1415137875.12966,pg_catalog,pg_description,0,0,1401,0,0,0,0,0,0,0,0,0,412,2703,0,0,0,0
1415137875.12966,pg_catalog,pg_foreign_data_wrapper,0,0,0,0,0,0,0,0,0,0,0,0,0,0,,,,
1415137875.12966,pg_catalog,pg_conversion,0,0,0,0,0,0,0,0,0,0,0,0,0,0,,,,
1415137875.12966,information_schema,sql_features,0,0,,,0,0,0,0,0,0,0,0,,,0,0,0,0
1415137875.12966,public,customer,6,9000000,0,0,1500000,0,0,0,1500000,0,68533,294857,0,0,,,,
1415137875.12966,pg_catalog,pg_class,7778,2022597,416552,391777,575,198,544,188,330,0,9458,460236,9512,857107,,,,
1415137875.12966,pg_catalog,pg_opfamily,0,0,0,0,0,0,0,0,0,0,0,0,0,0,,,,
1415137875.12966,public,supplier,4,400000,0,0,100000,0,0,0,100000,0,2312,15648,0,0,,,,
1415137875.12966,pg_catalog,pg_auth_members,0,0,0,0,0,0,0,0,0,0,0,0,0,0,,,,
1415137875.12966,pg_catalog,pg_operator,0,0,90418,430986,0,0,0,0,0,0,10357,293290,7260,192671,,,,
1415137875.12966,information_schema,sql_packages,0,0,,,0,0,0,0,0,0,0,0,,,0,0,0,0
1415137875.12966,pg_catalog,pg_attribute,1045,7125,302898,627220,2237,78,2072,49,2501,326,14052,332501,6030,624544,,,,
1415137875.12966,pg_catalog,pg_tablespace,2,4,9715,9715,0,0,0,0,0,0,913,8804,1846,17628,,,,
1415137875.12966,pg_catalog,pg_statistic,0,0,70855,65827,544,1258,497,920,448,42,8316,61669,2945,150488,10228,41644,831,65464
1415137875.12966,pg_catalog,pg_aggregate,0,0,6137,6137,0,0,0,0,0,0,1019,5118,2125,8688,,,,
1415137875.12966,pg_catalog,pg_inherits,0,0,313,0,0,0,0,0,0,0,0,0,140,173,,,,
1415137875.12966,information_schema,sql_sizing,0,0,,,0,0,0,0,0,0,0,0,,,0,0,0,0
1415137875.12966,pg_catalog,pg_enum,0,0,0,0,0,0,0,0,0,0,0,0,0,0,,,,
1415137875.12966,pg_toast,pg_toast_2396,0,0,0,0,0,0,0,0,0,0,0,0,0,0,,,,
1415137875.12966,pg_catalog,pg_pltemplate,0,0,0,0,0,0,0,0,0,0,0,0,0,0,,,,
1415137875.12966,pg_toast,pg_toast_2618,0,0,3345,10694,0,0,0,0,0,0,1369,2680,467,4903,,,,
1415137875.12966,pg_toast,pg_toast_3596,0,0,0,0,0,0,0,0,0,0,0,0,0,0,,,,
1415137875.12966,public,lineitem,1,59986052,0,0,59986052,0,0,0,59986052,0,1845671,2593311,0,0,,,,
1415137875.12966,public,partsupp,3,24000000,0,0,8000000,0,0,0,8000000,0,340611,954509,0,0,,,,
1415137875.12966,pg_toast,pg_toast_11747,0,0,0,0,0,0,0,0,0,0,0,0,0,0,,,,
1415137875.12966,pg_toast,pg_toast_11727,0,0,0,0,0,0,0,0,0,0,0,0,0,0,,,,
1415137875.12966,pg_toast,pg_toast_2606,0,0,0,0,0,0,0,0,0,0,0,0,0,0,,,,
1415137875.12966,pg_toast,pg_toast_2964,0,0,0,0,0,0,0,0,0,0,0,0,0,0,,,,
1415137875.12966,pg_catalog,pg_database,2029,7942,49004,49002,1,0,0,0,1,0,717,50315,4413,72628,,,,
1415137875.12966,information_schema,sql_parts,0,0,,,0,0,0,0,0,0,0,0,,,0,0,0,0
1415137875.12966,pg_toast,pg_toast_2620,0,0,0,0,0,0,0,0,0,0,0,0,0,0,,,,
1415137875.12966,pg_toast,pg_toast_11737,0,0,0,0,0,0,0,0,0,0,0,0,0,0,,,,
1415137875.12966,pg_catalog,pg_depend,0,0,13550,14825,2558,0,2486,0,6667,1115,2148,17237,3309,35497,,,,
1415137875.12966,pg_catalog,pg_language,0,0,0,0,0,0,0,0,0,0,0,0,0,0,,,,
1415137875.12966,information_schema,sql_implementation_info,0,0,,,0,0,0,0,0,0,0,0,,,0,0,0,0
1415137875.12966,public,region,2,10,0,0,5,0,0,0,5,0,1,3,0,0,,,,
1415137875.12966,pg_catalog,pg_amproc,190,380,53406,83449,0,0,0,0,0,0,1173,51750,3149,117014,,,,
1415137875.12966,pg_catalog,pg_collation,0,0,0,0,0,0,0,0,0,0,0,0,0,0,,,,
1415137875.12966,pg_catalog,pg_range,0,0,2468,0,0,0,0,0,0,0,0,0,1930,3006,,,,
1415137875.12966,pg_toast,pg_toast_2609,0,0,0,0,0,0,0,0,0,0,0,0,0,0,,,,
1415137875.12966,pg_catalog,pg_opclass,190,190,71933,822769,0,0,0,0,0,0,2524,321623,3806,87359,,,,
1415137875.12966,pg_toast,pg_toast_11752,0,0,0,0,0,0,0,0,0,0,0,0,0,0,,,,
1415137875.12966,pg_catalog,pg_rewrite,0,0,5758,5212,182,0,182,0,110,48,1838,4605,947,8893,1369,2680,934,9806
1415137875.12966,pg_toast,pg_toast_1255,0,0,0,0,0,0,0,0,0,0,0,0,0,0,,,,
1415137875.12966,pg_catalog,pg_seclabel,0,0,1401,0,0,0,0,0,0,0,0,0,136,1265,0,0,0,0
1415137875.12966,information_schema,sql_languages,0,0,,,0,0,0,0,0,0,0,0,,,0,0,0,0
1415137875.12966,pg_catalog,pg_ts_parser,0,0,0,0,0,0,0,0,0,0,0,0,0,0,,,,
1415137875.12966,pg_catalog,pg_trigger,0,0,0,0,0,0,0,0,0,0,0,0,0,0,0,0,0,0
1415137875.12966,pg_catalog,pg_shseclabel,0,0,0,0,0,0,0,0,0,0,0,0,0,0,,,,
1415137875.12966,pg_catalog,pg_event_trigger,0,0,620,0,0,0,0,0,0,0,0,0,138,482,,,,
1415137875.12966,pg_toast,pg_toast_11742,0,0,0,0,0,0,0,0,0,0,0,0,0,0,,,,
1415137875.12966,pg_catalog,pg_foreign_table,0,0,0,0,0,0,0,0,0,0,0,0,0,0,,,,
1415137875.12966,information_schema,sql_sizing_profiles,0,0,,,0,0,0,0,0,0,0,0,,,0,0,0,0
1415137875.12966,public,orders,4,60000000,0,0,15000000,0,0,0,15000000,0,504554,1558780,0,0,,,,
1415137875.12966,pg_catalog,pg_extension,0,0,0,0,0,0,0,0,0,0,0,0,0,0,,,,
1415137875.12966,pg_catalog,pg_ts_config,0,0,0,0,0,0,0,0,0,0,0,0,0,0,,,,
1415137875.12966,pg_catalog,pg_shdescription,0,0,0,0,0,0,0,0,0,0,0,0,0,0,0,0,0,0
1415137875.12966,pg_catalog,pg_cast,0,0,384886,96669,0,0,0,0,0,0,1653,95016,1705,395544,,,,
1415137875.12966,pg_catalog,pg_amop,0,0,110048,156845,0,0,0,0,0,0,3275,153570,5692,230491,,,,
1415137875.12966,public,nation,2,50,0,0,25,0,0,0,25,0,1,3,0,0,,,,
1415137875.12966,pg_catalog,pg_user_mapping,0,0,0,0,0,0,0,0,0,0,0,0,0,0,,,,
1415137875.12966,public,part,6,12000000,0,0,2000000,0,0,0,2000000,0,79007,327715,0,0,,,,
1415137875.12966,pg_catalog,pg_type,0,0,288883,286485,638,0,619,0,360,115,4284,284995,5431,590698,,,,
1415137875.12966,pg_catalog,pg_largeobject,0,0,0,0,0,0,0,0,0,0,0,0,0,0,,,,
1415137875.12966,pg_catalog,pg_ts_config_map,0,0,0,0,0,0,0,0,0,0,0,0,0,0,,,,
1415137875.12966,pg_catalog,pg_largeobject_metadata,0,0,0,0,0,0,0,0,0,0,0,0,0,0,,,,
1415137875.12966,pg_catalog,pg_am,13603,13603,0,0,0,0,0,0,0,0,999,12604,0,0,,,,
1415137875.12966,pg_toast,pg_toast_11722,0,0,0,0,0,0,0,0,0,0,0,0,0,0,,,,
1415137875.12966,pg_catalog,pg_ts_template,0,0,0,0,0,0,0,0,0,0,0,0,0,0,,,,
1415137875.12966,public,time_statistics,0,0,,,1,0,0,0,1,0,1,0,,,,,,
1415137875.12966,pg_catalog,pg_foreign_server,0,0,0,0,0,0,0,0,0,0,0,0,0,0,,,,
1415137875.12966,pg_catalog,pg_namespace,1674,18278,85407,72746,14,0,0,0,14,0,879,73577,2351,97521,,,,
1415137875.12966,pg_toast,pg_toast_2619,0,0,31896,106216,1621,0,1413,0,218,12,10228,41644,831,65464,,,,
1415137875.12966,pg_catalog,pg_authid,719,719,25481,25481,0,0,0,0,0,0,856,25344,3482,47480,,,,
1415137875.12966,pg_catalog,pg_default_acl,0,0,1292,0,0,0,0,0,0,0,0,0,134,1158,,,,
1415137875.12966,pg_catalog,pg_shdepend,0,0,1740,338,0,0,0,0,0,0,138,200,552,1826,,,,
1415137875.12966,pg_catalog,pg_constraint,0,0,119,56,63,0,56,0,9,0,36,341,64,619,0,0,0,0
1415137875.12966,pg_catalog,pg_index,3966,467812,130661,186156,252,0,231,0,136,60,4208,174197,3860,149115,,,,
1415137875.12966,pg_catalog,pg_ts_dict,0,0,0,0,0,0,0,0,0,0,0,0,0,0,,,,
1415137875.12966,pg_toast,pg_toast_2604,0,0,0,0,0,0,0,0,0,0,0,0,0,0,,,,
1415137875.12966,pg_toast,pg_toast_11732,0,0,0,0,0,0,0,0,0,0,0,0,0,0,,,,
1415137875.12966,pg_catalog,pg_proc,0,0,128178,189170,0,0,0,0,0,0,14847,129907,10968,269603,0,0,0,0
1415137935.13312,pg_catalog,pg_attrdef,0,0,0,0,0,0,0,0,0,0,0,0,0,0,0,0,0,0
1415137935.13312,pg_catalog,pg_db_role_setting,0,0,56156,0,0,0,0,0,0,0,0,0,1045,55111,0,0,0,0
1415137935.13312,pg_catalog,pg_rowsecurity,0,0,0,0,0,0,0,0,0,0,0,0,0,0,,,,
1415137935.13312,pg_catalog,pg_description,0,0,1401,0,0,0,0,0,0,0,0,0,412,2703,0,0,0,0
1415137935.13312,pg_catalog,pg_foreign_data_wrapper,0,0,0,0,0,0,0,0,0,0,0,0,0,0,,,,
1415137935.13312,pg_catalog,pg_conversion,0,0,0,0,0,0,0,0,0,0,0,0,0,0,,,,
1415137935.13312,information_schema,sql_features,0,0,,,0,0,0,0,0,0,0,0,,,0,0,0,0
1415137935.13312,public,customer,6,9000000,0,0,1500000,0,0,0,1500000,0,68533,294857,0,0,,,,
1415137935.13312,pg_catalog,pg_class,7788,2025584,416906,392114,576,198,544,188,331,0,9458,460690,9512,857839,,,,
1415137935.13312,pg_catalog,pg_opfamily,0,0,0,0,0,0,0,0,0,0,0,0,0,0,,,,
1415137935.13312,public,supplier,4,400000,0,0,100000,0,0,0,100000,0,2312,15648,0,0,,,,
1415137935.13312,pg_catalog,pg_auth_members,0,0,0,0,0,0,0,0,0,0,0,0,0,0,,,,
1415137935.13312,pg_catalog,pg_operator,0,0,90435,431003,0,0,0,0,0,0,10357,293307,7260,192713,,,,
1415137935.13312,information_schema,sql_packages,0,0,,,0,0,0,0,0,0,0,0,,,0,0,0,0
1415137935.13312,pg_catalog,pg_attribute,1045,7125,303116,627628,2240,78,2072,49,2504,326,14052,332733,6030,625001,,,,
1415137935.13312,pg_catalog,pg_tablespace,2,4,9720,9720,0,0,0,0,0,0,913,8809,1846,17638,,,,
1415137935.13312,pg_catalog,pg_statistic,0,0,70880,65846,544,1258,497,920,448,42,8316,61688,2945,150543,10228,41650,831,65473
1415137935.13312,pg_catalog,pg_aggregate,0,0,6138,6138,0,0,0,0,0,0,1019,5119,2125,8690,,,,
1415137935.13312,pg_catalog,pg_inherits,0,0,313,0,0,0,0,0,0,0,0,0,140,173,,,,
1415137935.13312,information_schema,sql_sizing,0,0,,,0,0,0,0,0,0,0,0,,,0,0,0,0
1415137935.13312,pg_catalog,pg_enum,0,0,0,0,0,0,0,0,0,0,0,0,0,0,,,,
1415137935.13312,pg_toast,pg_toast_2396,0,0,0,0,0,0,0,0,0,0,0,0,0,0,,,,
1415137935.13312,pg_catalog,pg_pltemplate,0,0,0,0,0,0,0,0,0,0,0,0,0,0,,,,
1415137935.13312,pg_toast,pg_toast_2618,0,0,3350,10710,0,0,0,0,0,0,1369,2686,467,4911,,,,
1415137935.13312,pg_toast,pg_toast_3596,0,0,0,0,0,0,0,0,0,0,0,0,0,0,,,,
1415137935.13312,public,lineitem,2,119972104,0,0,59986052,0,0,0,59986052,0,2453961,3050438,0,0,,,,
1415137935.13312,public,partsupp,3,24000000,0,0,8000000,0,0,0,8000000,0,340611,954509,0,0,,,,
1415137935.13312,pg_toast,pg_toast_11747,0,0,0,0,0,0,0,0,0,0,0,0,0,0,,,,
1415137935.13312,pg_toast,pg_toast_11727,0,0,0,0,0,0,0,0,0,0,0,0,0,0,,,,
1415137935.13312,pg_toast,pg_toast_2606,0,0,0,0,0,0,0,0,0,0,0,0,0,0,,,,
1415137935.13312,pg_toast,pg_toast_2964,0,0,0,0,0,0,0,0,0,0,0,0,0,0,,,,
1415137935.13312,pg_catalog,pg_database,2032,7954,49039,49037,1,0,0,0,1,0,717,50353,4413,72677,,,,
1415137935.13312,information_schema,sql_parts,0,0,,,0,0,0,0,0,0,0,0,,,0,0,0,0
1415137935.13312,pg_toast,pg_toast_2620,0,0,0,0,0,0,0,0,0,0,0,0,0,0,,,,
1415137935.13312,pg_toast,pg_toast_11737,0,0,0,0,0,0,0,0,0,0,0,0,0,0,,,,
1415137935.13312,pg_catalog,pg_depend,0,0,13556,14831,2561,0,2486,0,6670,1115,2148,17249,3309,35523,,,,
1415137935.13312,pg_catalog,pg_language,0,0,0,0,0,0,0,0,0,0,0,0,0,0,,,,
1415137935.13312,information_schema,sql_implementation_info,0,0,,,0,0,0,0,0,0,0,0,,,0,0,0,0
1415137935.13312,public,region,2,10,0,0,5,0,0,0,5,0,1,3,0,0,,,,
1415137935.13312,pg_catalog,pg_amproc,190,380,53425,83480,0,0,0,0,0,0,1173,51769,3149,117058,,,,
1415137935.13312,pg_catalog,pg_collation,0,0,0,0,0,0,0,0,0,0,0,0,0,0,,,,
1415137935.13312,pg_catalog,pg_range,0,0,2468,0,0,0,0,0,0,0,0,0,1930,3006,,,,
1415137935.13312,pg_toast,pg_toast_2609,0,0,0,0,0,0,0,0,0,0,0,0,0,0,,,,
1415137935.13312,pg_catalog,pg_opclass,190,190,71958,823090,0,0,0,0,0,0,2524,321736,3806,87394,,,,
1415137935.13312,pg_toast,pg_toast_11752,0,0,0,0,0,0,0,0,0,0,0,0,0,0,,,,
1415137935.13312,pg_catalog,pg_rewrite,0,0,5765,5219,182,0,182,0,110,48,1838,4612,947,8905,1369,2686,934,9822
1415137935.13312,pg_toast,pg_toast_1255,0,0,0,0,0,0,0,0,0,0,0,0,0,0,,,,
1415137935.13312,pg_catalog,pg_seclabel,0,0,1401,0,0,0,0,0,0,0,0,0,136,1265,0,0,0,0
1415137935.13312,information_schema,sql_languages,0,0,,,0,0,0,0,0,0,0,0,,,0,0,0,0
1415137935.13312,pg_catalog,pg_ts_parser,0,0,0,0,0,0,0,0,0,0,0,0,0,0,,,,
1415137935.13312,pg_catalog,pg_trigger,0,0,0,0,0,0,0,0,0,0,0,0,0,0,0,0,0,0
1415137935.13312,pg_catalog,pg_shseclabel,0,0,0,0,0,0,0,0,0,0,0,0,0,0,,,,
1415137935.13312,pg_catalog,pg_event_trigger,0,0,621,0,0,0,0,0,0,0,0,0,138,483,,,,
1415137935.13312,pg_toast,pg_toast_11742,0,0,0,0,0,0,0,0,0,0,0,0,0,0,,,,
1415137935.13312,pg_catalog,pg_foreign_table,0,0,0,0,0,0,0,0,0,0,0,0,0,0,,,,
1415137935.13312,information_schema,sql_sizing_profiles,0,0,,,0,0,0,0,0,0,0,0,,,0,0,0,0
1415137935.13312,public,orders,4,60000000,0,0,15000000,0,0,0,15000000,0,504554,1558780,0,0,,,,
1415137935.13312,pg_catalog,pg_extension,0,0,0,0,0,0,0,0,0,0,0,0,0,0,,,,
1415137935.13312,pg_catalog,pg_ts_config,0,0,0,0,0,0,0,0,0,0,0,0,0,0,,,,
1415137935.13312,pg_catalog,pg_shdescription,0,0,0,0,0,0,0,0,0,0,0,0,0,0,0,0,0,0
1415137935.13312,pg_catalog,pg_cast,0,0,384975,96704,0,0,0,0,0,0,1653,95051,1705,395639,,,,
1415137935.13312,pg_catalog,pg_amop,0,0,110081,156886,0,0,0,0,0,0,3275,153611,5692,230565,,,,
1415137935.13312,public,nation,2,50,0,0,25,0,0,0,25,0,1,3,0,0,,,,
1415137935.13312,pg_catalog,pg_user_mapping,0,0,0,0,0,0,0,0,0,0,0,0,0,0,,,,
1415137935.13312,public,part,6,12000000,0,0,2000000,0,0,0,2000000,0,79007,327715,0,0,,,,
1415137935.13312,pg_catalog,pg_type,0,0,288977,286579,638,0,619,0,360,115,4284,285089,5431,590892,,,,
1415137935.13312,pg_catalog,pg_largeobject,0,0,0,0,0,0,0,0,0,0,0,0,0,0,,,,
1415137935.13312,pg_catalog,pg_ts_config_map,0,0,0,0,0,0,0,0,0,0,0,0,0,0,,,,
1415137935.13312,pg_catalog,pg_largeobject_metadata,0,0,0,0,0,0,0,0,0,0,0,0,0,0,,,,
1415137935.13312,pg_catalog,pg_am,13610,13610,0,0,0,0,0,0,0,0,999,12611,0,0,,,,
1415137935.13312,pg_toast,pg_toast_11722,0,0,0,0,0,0,0,0,0,0,0,0,0,0,,,,
1415137935.13312,pg_catalog,pg_ts_template,0,0,0,0,0,0,0,0,0,0,0,0,0,0,,,,
1415137935.13312,public,time_statistics,0,0,,,1,0,0,0,1,0,1,0,,,,,,
1415137935.13312,pg_catalog,pg_foreign_server,0,0,0,0,0,0,0,0,0,0,0,0,0,0,,,,
1415137935.13312,pg_catalog,pg_namespace,1676,18318,85561,72894,14,0,0,0,14,0,879,73727,2351,97684,,,,
1415137935.13312,pg_toast,pg_toast_2619,0,0,31899,106222,1621,0,1413,0,218,12,10228,41650,831,65473,,,,
1415137935.13312,pg_catalog,pg_authid,720,720,25491,25491,0,0,0,0,0,0,856,25355,3482,47500,,,,
1415137935.13312,pg_catalog,pg_default_acl,0,0,1292,0,0,0,0,0,0,0,0,0,134,1158,,,,
1415137935.13312,pg_catalog,pg_shdepend,0,0,1740,338,0,0,0,0,0,0,138,200,552,1826,,,,
1415137935.13312,pg_catalog,pg_constraint,0,0,119,56,63,0,56,0,9,0,36,341,64,619,0,0,0,0
1415137935.13312,pg_catalog,pg_index,3971,468492,130714,186227,253,0,231,0,137,60,4208,174289,3860,149182,,,,
1415137935.13312,pg_catalog,pg_ts_dict,0,0,0,0,0,0,0,0,0,0,0,0,0,0,,,,
1415137935.13312,pg_toast,pg_toast_2604,0,0,0,0,0,0,0,0,0,0,0,0,0,0,,,,
1415137935.13312,pg_toast,pg_toast_11732,0,0,0,0,0,0,0,0,0,0,0,0,0,0,,,,
1415137935.13312,pg_catalog,pg_proc,0,0,128256,189283,0,0,0,0,0,0,14847,130005,10968,269769,0,0,0,0
1415137995.1364,pg_catalog,pg_attrdef,0,0,0,0,0,0,0,0,0,0,0,0,0,0,0,0,0,0
1415137995.1364,pg_catalog,pg_db_role_setting,0,0,56184,0,0,0,0,0,0,0,0,0,1045,55139,0,0,0,0
1415137995.1364,pg_catalog,pg_rowsecurity,0,0,0,0,0,0,0,0,0,0,0,0,0,0,,,,
1415137995.1364,pg_catalog,pg_description,0,0,1401,0,0,0,0,0,0,0,0,0,412,2703,0,0,0,0
1415137995.1364,pg_catalog,pg_foreign_data_wrapper,0,0,0,0,0,0,0,0,0,0,0,0,0,0,,,,
1415137995.1364,pg_catalog,pg_conversion,0,0,0,0,0,0,0,0,0,0,0,0,0,0,,,,
1415137995.1364,information_schema,sql_features,0,0,,,0,0,0,0,0,0,0,0,,,0,0,0,0
1415137995.1364,public,customer,6,9000000,0,0,1500000,0,0,0,1500000,0,68533,294857,0,0,,,,
1415137995.1364,pg_catalog,pg_class,7799,2028914,417319,392518,579,198,544,188,334,0,9458,461233,9512,858708,,,,
1415137995.1364,pg_catalog,pg_opfamily,0,0,0,0,0,0,0,0,0,0,0,0,0,0,,,,
1415137995.1364,public,supplier,4,400000,0,0,100000,0,0,0,100000,0,2312,15648,0,0,,,,
1415137995.1364,pg_catalog,pg_auth_members,0,0,0,0,0,0,0,0,0,0,0,0,0,0,,,,
1415137995.1364,pg_catalog,pg_operator,0,0,90459,431027,0,0,0,0,0,0,10357,293331,7260,192776,,,,
1415137995.1364,information_schema,sql_packages,0,0,,,0,0,0,0,0,0,0,0,,,0,0,0,0
1415137995.1364,pg_catalog,pg_attribute,1045,7125,303391,628243,2244,80,2072,51,2508,328,14052,333033,6030,625580,,,,
1415137995.1364,pg_catalog,pg_tablespace,2,4,9725,9725,0,0,0,0,0,0,913,8814,1846,17648,,,,
1415137995.1364,pg_catalog,pg_statistic,0,0,70912,65870,544,1258,497,920,448,42,8316,61712,2945,150614,10228,41658,831,65485
1415137995.1364,pg_catalog,pg_aggregate,0,0,6139,6139,0,0,0,0,0,0,1019,5120,2125,8692,,,,
1415137995.1364,pg_catalog,pg_inherits,0,0,313,0,0,0,0,0,0,0,0,0,140,173,,,,
1415137995.1364,information_schema,sql_sizing,0,0,,,0,0,0,0,0,0,0,0,,,0,0,0,0
1415137995.1364,pg_catalog,pg_enum,0,0,0,0,0,0,0,0,0,0,0,0,0,0,,,,
1415137995.1364,pg_toast,pg_toast_2396,0,0,0,0,0,0,0,0,0,0,0,0,0,0,,,,
1415137995.1364,pg_catalog,pg_pltemplate,0,0,0,0,0,0,0,0,0,0,0,0,0,0,,,,
1415137995.1364,pg_toast,pg_toast_2618,0,0,3356,10728,0,0,0,0,0,0,1369,2693,467,4921,,,,
1415137995.1364,pg_toast,pg_toast_3596,0,0,0,0,0,0,0,0,0,0,0,0,0,0,,,,
1415137995.1364,public,lineitem,6,359916312,0,0,59986052,0,0,0,59986052,0,6671901,3094166,0,0,,,,
1415137995.1364,public,partsupp,3,24000000,0,0,8000000,0,0,0,8000000,0,340611,954509,0,0,,,,
1415137995.1364,pg_toast,pg_toast_11747,0,0,0,0,0,0,0,0,0,0,0,0,0,0,,,,
1415137995.1364,pg_toast,pg_toast_11727,0,0,0,0,0,0,0,0,0,0,0,0,0,0,,,,
1415137995.1364,pg_toast,pg_toast_2606,0,0,0,0,0,0,0,0,0,0,0,0,0,0,,,,
1415137995.1364,pg_toast,pg_toast_2964,0,0,0,0,0,0,0,0,0,0,0,0,0,0,,,,
1415137995.1364,pg_catalog,pg_database,2035,7966,49073,49071,1,0,0,0,1,0,717,50390,4413,72725,,,,
1415137995.1364,information_schema,sql_parts,0,0,,,0,0,0,0,0,0,0,0,,,0,0,0,0
1415137995.1364,pg_toast,pg_toast_2620,0,0,0,0,0,0,0,0,0,0,0,0,0,0,,,,
1415137995.1364,pg_toast,pg_toast_11737,0,0,0,0,0,0,0,0,0,0,0,0,0,0,,,,
1415137995.1364,pg_catalog,pg_depend,0,0,13572,14846,2570,0,2486,0,6679,1115,2148,17282,3310,35596,,,,
1415137995.1364,pg_catalog,pg_language,0,0,0,0,0,0,0,0,0,0,0,0,0,0,,,,
1415137995.1364,information_schema,sql_implementation_info,0,0,,,0,0,0,0,0,0,0,0,,,0,0,0,0
1415137995.1364,public,region,2,10,0,0,5,0,0,0,5,0,1,3,0,0,,,,
1415137995.1364,pg_catalog,pg_amproc,190,380,53452,83523,0,0,0,0,0,0,1173,51796,3149,117118,,,,
1415137995.1364,pg_catalog,pg_collation,0,0,0,0,0,0,0,0,0,0,0,0,0,0,,,,
1415137995.1364,pg_catalog,pg_range,0,0,2468,0,0,0,0,0,0,0,0,0,1930,3006,,,,
1415137995.1364,pg_toast,pg_toast_2609,0,0,0,0,0,0,0,0,0,0,0,0,0,0,,,,
1415137995.1364,pg_catalog,pg_opclass,190,190,71993,823545,0,0,0,0,0,0,2524,321899,3806,87442,,,,
1415137995.1364,pg_toast,pg_toast_11752,0,0,0,0,0,0,0,0,0,0,0,0,0,0,,,,
1415137995.1364,pg_catalog,pg_rewrite,0,0,5774,5228,182,0,182,0,110,48,1838,4621,947,8921,1369,2693,934,9842
1415137995.1364,pg_toast,pg_toast_1255,0,0,0,0,0,0,0,0,0,0,0,0,0,0,,,,
1415137995.1364,pg_catalog,pg_seclabel,0,0,1401,0,0,0,0,0,0,0,0,0,136,1265,0,0,0,0
1415137995.1364,information_schema,sql_languages,0,0,,,0,0,0,0,0,0,0,0,,,0,0,0,0
1415137995.1364,pg_catalog,pg_ts_parser,0,0,0,0,0,0,0,0,0,0,0,0,0,0,,,,
1415137995.1364,pg_catalog,pg_trigger,0,0,0,0,0,0,0,0,0,0,0,0,0,0,0,0,0,0
1415137995.1364,pg_catalog,pg_shseclabel,0,0,0,0,0,0,0,0,0,0,0,0,0,0,,,,
1415137995.1364,pg_catalog,pg_event_trigger,0,0,624,0,0,0,0,0,0,0,0,0,138,486,,,,
1415137995.1364,pg_toast,pg_toast_11742,0,0,0,0,0,0,0,0,0,0,0,0,0,0,,,,
1415137995.1364,pg_catalog,pg_foreign_table,0,0,0,0,0,0,0,0,0,0,0,0,0,0,,,,
1415137995.1364,information_schema,sql_sizing_profiles,0,0,,,0,0,0,0,0,0,0,0,,,0,0,0,0
1415137995.1364,public,orders,4,60000000,0,0,15000000,0,0,0,15000000,0,504554,1558780,0,0,,,,
1415137995.1364,pg_catalog,pg_extension,0,0,0,0,0,0,0,0,0,0,0,0,0,0,,,,
1415137995.1364,pg_catalog,pg_ts_config,0,0,0,0,0,0,0,0,0,0,0,0,0,0,,,,
1415137995.1364,pg_catalog,pg_shdescription,0,0,0,0,0,0,0,0,0,0,0,0,0,0,0,0,0,0
1415137995.1364,pg_catalog,pg_cast,0,0,385119,96764,0,0,0,0,0,0,1653,95111,1705,395793,,,,
1415137995.1364,pg_catalog,pg_amop,0,0,110130,156947,0,0,0,0,0,0,3275,153672,5692,230675,,,,
1415137995.1364,public,nation,2,50,0,0,25,0,0,0,25,0,1,3,0,0,,,,
1415137995.1364,pg_catalog,pg_user_mapping,0,0,0,0,0,0,0,0,0,0,0,0,0,0,,,,
1415137995.1364,public,part,6,12000000,0,0,2000000,0,0,0,2000000,0,79007,327715,0,0,,,,
1415137995.1364,pg_catalog,pg_type,0,0,289111,286713,638,0,619,0,360,115,4284,285223,5431,591170,,,,
1415137995.1364,pg_catalog,pg_largeobject,0,0,0,0,0,0,0,0,0,0,0,0,0,0,,,,
1415137995.1364,pg_catalog,pg_ts_config_map,0,0,0,0,0,0,0,0,0,0,0,0,0,0,,,,
1415137995.1364,pg_catalog,pg_largeobject_metadata,0,0,0,0,0,0,0,0,0,0,0,0,0,0,,,,
1415137995.1364,pg_catalog,pg_am,13619,13619,0,0,0,0,0,0,0,0,999,12620,0,0,,,,
1415137995.1364,pg_toast,pg_toast_11722,0,0,0,0,0,0,0,0,0,0,0,0,0,0,,,,
1415137995.1364,pg_catalog,pg_ts_template,0,0,0,0,0,0,0,0,0,0,0,0,0,0,,,,
1415137995.1364,public,time_statistics,0,0,,,1,0,0,0,1,0,1,0,,,,,,
1415137995.1364,pg_catalog,pg_foreign_server,0,0,0,0,0,0,0,0,0,0,0,0,0,0,,,,
1415137995.1364,pg_catalog,pg_namespace,1678,18358,85726,73049,14,0,0,0,14,0,879,73884,2351,97862,,,,
1415137995.1364,pg_toast,pg_toast_2619,0,0,31903,106230,1621,0,1413,0,218,12,10228,41658,831,65485,,,,
1415137995.1364,pg_catalog,pg_authid,721,721,25501,25501,0,0,0,0,0,0,856,25366,3482,47520,,,,
1415137995.1364,pg_catalog,pg_default_acl,0,0,1292,0,0,0,0,0,0,0,0,0,134,1158,,,,
1415137995.1364,pg_catalog,pg_shdepend,0,0,1740,338,0,0,0,0,0,0,138,200,552,1826,,,,
1415137995.1364,pg_catalog,pg_constraint,0,0,120,56,64,0,56,0,10,0,36,345,64,628,0,0,0,0
1415137995.1364,pg_catalog,pg_index,3976,469177,130802,186351,256,0,231,0,140,60,4208,174424,3860,149292,,,,
1415137995.1364,pg_catalog,pg_ts_dict,0,0,0,0,0,0,0,0,0,0,0,0,0,0,,,,
1415137995.1364,pg_toast,pg_toast_2604,0,0,0,0,0,0,0,0,0,0,0,0,0,0,,,,
1415137995.1364,pg_toast,pg_toast_11732,0,0,0,0,0,0,0,0,0,0,0,0,0,0,,,,
1415137995.1364,pg_catalog,pg_proc,0,0,128348,189424,0,0,0,0,0,0,14847,130125,10968,269969,0,0,0,0
1415138055.14787,pg_catalog,pg_attrdef,0,0,0,0,0,0,0,0,0,0,0,0,0,0,0,0,0,0
1415138055.14787,pg_catalog,pg_db_role_setting,0,0,56212,0,0,0,0,0,0,0,0,0,1045,55167,0,0,0,0
1415138055.14787,pg_catalog,pg_rowsecurity,0,0,0,0,0,0,0,0,0,0,0,0,0,0,,,,
1415138055.14787,pg_catalog,pg_description,0,0,1401,0,0,0,0,0,0,0,0,0,412,2703,0,0,0,0
1415138055.14787,pg_catalog,pg_foreign_data_wrapper,0,0,0,0,0,0,0,0,0,0,0,0,0,0,,,,
1415138055.14787,pg_catalog,pg_conversion,0,0,0,0,0,0,0,0,0,0,0,0,0,0,,,,
1415138055.14787,information_schema,sql_features,0,0,,,0,0,0,0,0,0,0,0,,,0,0,0,0
1415138055.14787,public,customer,6,9000000,0,0,1500000,0,0,0,1500000,0,68533,294857,0,0,,,,
1415138055.14787,pg_catalog,pg_class,7853,2031985,417986,393182,580,198,544,188,335,0,9458,462152,9512,860065,,,,
1415138055.14787,pg_catalog,pg_opfamily,0,0,0,0,0,0,0,0,0,0,0,0,0,0,,,,
1415138055.14787,public,supplier,4,400000,0,0,100000,0,0,0,100000,0,2312,15648,0,0,,,,
1415138055.14787,pg_catalog,pg_auth_members,0,0,0,0,0,0,0,0,0,0,0,0,0,0,,,,
1415138055.14787,pg_catalog,pg_operator,0,0,90481,431049,0,0,0,0,0,0,10357,293353,7260,192828,,,,
1415138055.14787,information_schema,sql_packages,0,0,,,0,0,0,0,0,0,0,0,,,0,0,0,0
1415138055.14787,pg_catalog,pg_attribute,1089,7425,303902,629745,2245,80,2072,51,2509,328,14052,334180,6030,626617,,,,
1415138055.14787,pg_catalog,pg_tablespace,2,4,9730,9730,0,0,0,0,0,0,913,8819,1846,17658,,,,
1415138055.14787,pg_catalog,pg_statistic,0,0,70952,65906,544,1277,497,938,448,60,8316,61773,2945,150701,10228,41664,831,65494
1415138055.14787,pg_catalog,pg_aggregate,0,0,6140,6140,0,0,0,0,0,0,1019,5121,2125,8694,,,,
1415138055.14787,pg_catalog,pg_inherits,0,0,313,0,0,0,0,0,0,0,0,0,140,173,,,,
1415138055.14787,information_schema,sql_sizing,0,0,,,0,0,0,0,0,0,0,0,,,0,0,0,0
1415138055.14787,pg_catalog,pg_enum,0,0,0,0,0,0,0,0,0,0,0,0,0,0,,,,
1415138055.14787,pg_toast,pg_toast_2396,0,0,0,0,0,0,0,0,0,0,0,0,0,0,,,,
1415138055.14787,pg_catalog,pg_pltemplate,0,0,0,0,0,0,0,0,0,0,0,0,0,0,,,,
1415138055.14787,pg_toast,pg_toast_2618,0,0,3360,10742,0,0,0,0,0,0,1369,2698,467,4927,,,,
1415138055.14787,pg_toast,pg_toast_3596,0,0,0,0,0,0,0,0,0,0,0,0,0,0,,,,
1415138055.14787,public,lineitem,7,419902364,0,0,59986052,0,0,0,59986052,0,7666849,3164635,0,0,,,,
1415138055.14787,public,partsupp,3,24000000,0,0,8000000,0,0,0,8000000,0,340611,954509,0,0,,,,
1415138055.14787,pg_toast,pg_toast_11747,0,0,0,0,0,0,0,0,0,0,0,0,0,0,,,,
1415138055.14787,pg_toast,pg_toast_11727,0,0,0,0,0,0,0,0,0,0,0,0,0,0,,,,
1415138055.14787,pg_toast,pg_toast_2606,0,0,0,0,0,0,0,0,0,0,0,0,0,0,,,,
1415138055.14787,pg_toast,pg_toast_2964,0,0,0,0,0,0,0,0,0,0,0,0,0,0,,,,
1415138055.14787,pg_catalog,pg_database,2038,7978,49101,49099,1,0,0,0,1,0,717,50421,4413,72767,,,,
1415138055.14787,information_schema,sql_parts,0,0,,,0,0,0,0,0,0,0,0,,,0,0,0,0
1415138055.14787,pg_toast,pg_toast_2620,0,0,0,0,0,0,0,0,0,0,0,0,0,0,,,,
1415138055.14787,pg_toast,pg_toast_11737,0,0,0,0,0,0,0,0,0,0,0,0,0,0,,,,
1415138055.14787,pg_catalog,pg_depend,0,0,13574,14848,2571,0,2486,0,6680,1115,2148,17288,3310,35606,,,,
1415138055.14787,pg_catalog,pg_language,0,0,0,0,0,0,0,0,0,0,0,0,0,0,,,,
1415138055.14787,information_schema,sql_implementation_info,0,0,,,0,0,0,0,0,0,0,0,,,0,0,0,0
1415138055.14787,public,region,2,10,0,0,5,0,0,0,5,0,1,3,0,0,,,,
1415138055.14787,pg_catalog,pg_amproc,198,396,53494,83575,0,0,0,0,0,0,1173,51859,3149,117208,,,,
1415138055.14787,pg_catalog,pg_collation,0,0,0,0,0,0,0,0,0,0,0,0,0,0,,,,
1415138055.14787,pg_catalog,pg_range,0,0,2468,0,0,0,0,0,0,0,0,0,1930,3006,,,,
1415138055.14787,pg_toast,pg_toast_2609,0,0,0,0,0,0,0,0,0,0,0,0,0,0,,,,
1415138055.14787,pg_catalog,pg_opclass,198,198,72042,824100,0,0,0,0,0,0,2524,322108,3806,87502,,,,
1415138055.14787,pg_toast,pg_toast_11752,0,0,0,0,0,0,0,0,0,0,0,0,0,0,,,,
1415138055.14787,pg_catalog,pg_rewrite,0,0,5780,5234,182,0,182,0,110,48,1838,4627,947,8931,1369,2698,934,9854
1415138055.14787,pg_toast,pg_toast_1255,0,0,0,0,0,0,0,0,0,0,0,0,0,0,,,,
1415138055.14787,pg_catalog,pg_seclabel,0,0,1401,0,0,0,0,0,0,0,0,0,136,1265,0,0,0,0
1415138055.14787,information_schema,sql_languages,0,0,,,0,0,0,0,0,0,0,0,,,0,0,0,0
1415138055.14787,pg_catalog,pg_ts_parser,0,0,0,0,0,0,0,0,0,0,0,0,0,0,,,,
1415138055.14787,pg_catalog,pg_trigger,0,0,0,0,0,0,0,0,0,0,0,0,0,0,0,0,0,0
1415138055.14787,pg_catalog,pg_shseclabel,0,0,0,0,0,0,0,0,0,0,0,0,0,0,,,,
1415138055.14787,pg_catalog,pg_event_trigger,0,0,625,0,0,0,0,0,0,0,0,0,138,487,,,,
1415138055.14787,pg_toast,pg_toast_11742,0,0,0,0,0,0,0,0,0,0,0,0,0,0,,,,
1415138055.14787,pg_catalog,pg_foreign_table,0,0,0,0,0,0,0,0,0,0,0,0,0,0,,,,
1415138055.14787,information_schema,sql_sizing_profiles,0,0,,,0,0,0,0,0,0,0,0,,,0,0,0,0
1415138055.14787,public,orders,4,60000000,0,0,15000000,0,0,0,15000000,0,504554,1558780,0,0,,,,
1415138055.14787,pg_catalog,pg_extension,0,0,0,0,0,0,0,0,0,0,0,0,0,0,,,,
1415138055.14787,pg_catalog,pg_ts_config,0,0,0,0,0,0,0,0,0,0,0,0,0,0,,,,
1415138055.14787,pg_catalog,pg_shdescription,0,0,0,0,0,0,0,0,0,0,0,0,0,0,0,0,0,0
1415138055.14787,pg_catalog,pg_cast,0,0,385328,96799,0,0,0,0,0,0,1653,95146,1705,396008,,,,
1415138055.14787,pg_catalog,pg_amop,0,0,110182,157006,0,0,0,0,0,0,3275,153731,5692,230787,,,,
1415138055.14787,public,nation,2,50,0,0,25,0,0,0,25,0,1,3,0,0,,,,
1415138055.14787,pg_catalog,pg_user_mapping,0,0,0,0,0,0,0,0,0,0,0,0,0,0,,,,
1415138055.14787,public,part,6,12000000,0,0,2000000,0,0,0,2000000,0,79007,327715,0,0,,,,
1415138055.14787,pg_catalog,pg_type,0,0,289196,286798,638,0,619,0,360,115,4284,285308,5431,591346,,,,
1415138055.14787,pg_catalog,pg_largeobject,0,0,0,0,0,0,0,0,0,0,0,0,0,0,,,,
1415138055.14787,pg_catalog,pg_ts_config_map,0,0,0,0,0,0,0,0,0,0,0,0,0,0,,,,
1415138055.14787,pg_catalog,pg_largeobject_metadata,0,0,0,0,0,0,0,0,0,0,0,0,0,0,,,,
1415138055.14787,pg_catalog,pg_am,13626,13626,0,0,0,0,0,0,0,0,999,12627,0,0,,,,
1415138055.14787,pg_toast,pg_toast_11722,0,0,0,0,0,0,0,0,0,0,0,0,0,0,,,,
1415138055.14787,pg_catalog,pg_ts_template,0,0,0,0,0,0,0,0,0,0,0,0,0,0,,,,
1415138055.14787,public,time_statistics,0,0,,,1,0,0,0,1,0,1,0,,,,,,
1415138055.14787,pg_catalog,pg_foreign_server,0,0,0,0,0,0,0,0,0,0,0,0,0,0,,,,
1415138055.14787,pg_catalog,pg_namespace,1680,18398,85882,73200,14,0,0,0,14,0,879,74037,2351,98026,,,,
1415138055.14787,pg_toast,pg_toast_2619,0,0,31906,106236,1621,0,1413,0,218,12,10228,41664,831,65494,,,,
1415138055.14787,pg_catalog,pg_authid,722,722,25512,25512,0,0,0,0,0,0,856,25378,3482,47542,,,,
1415138055.14787,pg_catalog,pg_default_acl,0,0,1292,0,0,0,0,0,0,0,0,0,134,1158,,,,
1415138055.14787,pg_catalog,pg_shdepend,0,0,1740,338,0,0,0,0,0,0,138,200,552,1826,,,,
1415138055.14787,pg_catalog,pg_constraint,0,0,120,56,64,0,56,0,10,0,36,345,64,628,0,0,0,0
1415138055.14787,pg_catalog,pg_index,4009,469905,131045,186611,257,0,231,0,141,60,4209,174757,3860,149549,,,,
1415138055.14787,pg_catalog,pg_ts_dict,0,0,0,0,0,0,0,0,0,0,0,0,0,0,,,,
1415138055.14787,pg_toast,pg_toast_2604,0,0,0,0,0,0,0,0,0,0,0,0,0,0,,,,
1415138055.14787,pg_toast,pg_toast_11732,0,0,0,0,0,0,0,0,0,0,0,0,0,0,,,,
1415138055.14787,pg_catalog,pg_proc,0,0,128420,189524,0,0,0,0,0,0,14847,130213,10968,270121,0,0,0,0
1415138115.14329,pg_catalog,pg_attrdef,0,0,0,0,0,0,0,0,0,0,0,0,0,0,0,0,0,0
1415138115.14329,pg_catalog,pg_db_role_setting,0,0,56240,0,0,0,0,0,0,0,0,0,1045,55195,0,0,0,0
1415138115.14329,pg_catalog,pg_rowsecurity,0,0,0,0,0,0,0,0,0,0,0,0,0,0,,,,
1415138115.14329,pg_catalog,pg_description,0,0,1401,0,0,0,0,0,0,0,0,0,412,2703,0,0,0,0
1415138115.14329,pg_catalog,pg_foreign_data_wrapper,0,0,0,0,0,0,0,0,0,0,0,0,0,0,,,,
1415138115.14329,pg_catalog,pg_conversion,0,0,0,0,0,0,0,0,0,0,0,0,0,0,,,,
1415138115.14329,information_schema,sql_features,0,0,,,0,0,0,0,0,0,0,0,,,0,0,0,0
1415138115.14329,public,customer,6,9000000,0,0,1500000,0,0,0,1500000,0,68533,294857,0,0,,,,
1415138115.14329,pg_catalog,pg_class,7862,2034685,418342,393535,581,198,544,188,336,0,9458,462610,9512,860799,,,,
1415138115.14329,pg_catalog,pg_opfamily,0,0,0,0,0,0,0,0,0,0,0,0,0,0,,,,
1415138115.14329,public,supplier,4,400000,0,0,100000,0,0,0,100000,0,2312,15648,0,0,,,,
1415138115.14329,pg_catalog,pg_auth_members,0,0,0,0,0,0,0,0,0,0,0,0,0,0,,,,
1415138115.14329,pg_catalog,pg_operator,0,0,90496,431064,0,0,0,0,0,0,10357,293368,7260,192864,,,,
1415138115.14329,information_schema,sql_packages,0,0,,,0,0,0,0,0,0,0,0,,,0,0,0,0
1415138115.14329,pg_catalog,pg_attribute,1089,7425,304110,630154,2247,80,2072,51,2511,328,14052,334401,6030,627050,,,,
1415138115.14329,pg_catalog,pg_tablespace,2,4,9735,9735,0,0,0,0,0,0,913,8824,1846,17668,,,,
1415138115.14329,pg_catalog,pg_statistic,0,0,70974,65922,544,1277,497,938,448,60,8316,61789,2945,150749,10228,41668,831,65500
1415138115.14329,pg_catalog,pg_aggregate,0,0,6141,6141,0,0,0,0,0,0,1019,5122,2125,8696,,,,
1415138115.14329,pg_catalog,pg_inherits,0,0,313,0,0,0,0,0,0,0,0,0,140,173,,,,
1415138115.14329,information_schema,sql_sizing,0,0,,,0,0,0,0,0,0,0,0,,,0,0,0,0
1415138115.14329,pg_catalog,pg_enum,0,0,0,0,0,0,0,0,0,0,0,0,0,0,,,,
1415138115.14329,pg_toast,pg_toast_2396,0,0,0,0,0,0,0,0,0,0,0,0,0,0,,,,
1415138115.14329,pg_catalog,pg_pltemplate,0,0,0,0,0,0,0,0,0,0,0,0,0,0,,,,
1415138115.14329,pg_toast,pg_toast_2618,0,0,3365,10758,0,0,0,0,0,0,1369,2704,467,4935,,,,
1415138115.14329,pg_toast,pg_toast_3596,0,0,0,0,0,0,0,0,0,0,0,0,0,0,,,,
1415138115.14329,public,lineitem,8,479888416,0,0,59986052,0,0,0,59986052,0,8692962,3203939,0,0,,,,
1415138115.14329,public,partsupp,3,24000000,0,0,8000000,0,0,0,8000000,0,340611,954509,0,0,,,,
1415138115.14329,pg_toast,pg_toast_11747,0,0,0,0,0,0,0,0,0,0,0,0,0,0,,,,
1415138115.14329,pg_toast,pg_toast_11727,0,0,0,0,0,0,0,0,0,0,0,0,0,0,,,,
1415138115.14329,pg_toast,pg_toast_2606,0,0,0,0,0,0,0,0,0,0,0,0,0,0,,,,
1415138115.14329,pg_toast,pg_toast_2964,0,0,0,0,0,0,0,0,0,0,0,0,0,0,,,,
1415138115.14329,pg_catalog,pg_database,2041,7990,49130,49128,1,0,0,0,1,0,717,50453,4413,72810,,,,
1415138115.14329,information_schema,sql_parts,0,0,,,0,0,0,0,0,0,0,0,,,0,0,0,0
1415138115.14329,pg_toast,pg_toast_2620,0,0,0,0,0,0,0,0,0,0,0,0,0,0,,,,
1415138115.14329,pg_toast,pg_toast_11737,0,0,0,0,0,0,0,0,0,0,0,0,0,0,,,,
1415138115.14329,pg_catalog,pg_depend,0,0,13578,14852,2573,0,2486,0,6682,1115,2148,17297,3310,35624,,,,
1415138115.14329,pg_catalog,pg_language,0,0,0,0,0,0,0,0,0,0,0,0,0,0,,,,
1415138115.14329,information_schema,sql_implementation_info,0,0,,,0,0,0,0,0,0,0,0,,,0,0,0,0
1415138115.14329,public,region,2,10,0,0,5,0,0,0,5,0,1,3,0,0,,,,
1415138115.14329,pg_catalog,pg_amproc,198,396,53506,83595,0,0,0,0,0,0,1173,51871,3149,117238,,,,
1415138115.14329,pg_catalog,pg_collation,0,0,0,0,0,0,0,0,0,0,0,0,0,0,,,,
1415138115.14329,pg_catalog,pg_range,0,0,2468,0,0,0,0,0,0,0,0,0,1930,3006,,,,
1415138115.14329,pg_toast,pg_toast_2609,0,0,0,0,0,0,0,0,0,0,0,0,0,0,,,,
1415138115.14329,pg_catalog,pg_opclass,198,198,72058,824288,0,0,0,0,0,0,2524,322172,3806,87527,,,,
1415138115.14329,pg_toast,pg_toast_11752,0,0,0,0,0,0,0,0,0,0,0,0,0,0,,,,
1415138115.14329,pg_catalog,pg_rewrite,0,0,5786,5240,182,0,182,0,110,48,1838,4633,947,8941,1369,2704,934,9870
1415138115.14329,pg_toast,pg_toast_1255,0,0,0,0,0,0,0,0,0,0,0,0,0,0,,,,
1415138115.14329,pg_catalog,pg_seclabel,0,0,1401,0,0,0,0,0,0,0,0,0,136,1265,0,0,0,0
1415138115.14329,information_schema,sql_languages,0,0,,,0,0,0,0,0,0,0,0,,,0,0,0,0
1415138115.14329,pg_catalog,pg_ts_parser,0,0,0,0,0,0,0,0,0,0,0,0,0,0,,,,
1415138115.14329,pg_catalog,pg_trigger,0,0,0,0,0,0,0,0,0,0,0,0,0,0,0,0,0,0
1415138115.14329,pg_catalog,pg_shseclabel,0,0,0,0,0,0,0,0,0,0,0,0,0,0,,,,
1415138115.14329,pg_catalog,pg_event_trigger,0,0,626,0,0,0,0,0,0,0,0,0,138,488,,,,
1415138115.14329,pg_toast,pg_toast_11742,0,0,0,0,0,0,0,0,0,0,0,0,0,0,,,,
1415138115.14329,pg_catalog,pg_foreign_table,0,0,0,0,0,0,0,0,0,0,0,0,0,0,,,,
1415138115.14329,information_schema,sql_sizing_profiles,0,0,,,0,0,0,0,0,0,0,0,,,0,0,0,0
1415138115.14329,public,orders,4,60000000,0,0,15000000,0,0,0,15000000,0,504554,1558780,0,0,,,,
1415138115.14329,pg_catalog,pg_extension,0,0,0,0,0,0,0,0,0,0,0,0,0,0,,,,
1415138115.14329,pg_catalog,pg_ts_config,0,0,0,0,0,0,0,0,0,0,0,0,0,0,,,,
1415138115.14329,pg_catalog,pg_shdescription,0,0,0,0,0,0,0,0,0,0,0,0,0,0,0,0,0,0
1415138115.14329,pg_catalog,pg_cast,0,0,385388,96828,0,0,0,0,0,0,1653,95175,1705,396073,,,,
1415138115.14329,pg_catalog,pg_amop,0,0,110205,157035,0,0,0,0,0,0,3275,153760,5692,230839,,,,
1415138115.14329,public,nation,2,50,0,0,25,0,0,0,25,0,1,3,0,0,,,,
1415138115.14329,pg_catalog,pg_user_mapping,0,0,0,0,0,0,0,0,0,0,0,0,0,0,,,,
1415138115.14329,public,part,6,12000000,0,0,2000000,0,0,0,2000000,0,79007,327715,0,0,,,,
1415138115.14329,pg_catalog,pg_type,0,0,289270,286872,638,0,619,0,360,115,4284,285382,5431,591499,,,,
1415138115.14329,pg_catalog,pg_largeobject,0,0,0,0,0,0,0,0,0,0,0,0,0,0,,,,
1415138115.14329,pg_catalog,pg_ts_config_map,0,0,0,0,0,0,0,0,0,0,0,0,0,0,,,,
1415138115.14329,pg_catalog,pg_largeobject_metadata,0,0,0,0,0,0,0,0,0,0,0,0,0,0,,,,
1415138115.14329,pg_catalog,pg_am,13633,13633,0,0,0,0,0,0,0,0,999,12634,0,0,,,,
1415138115.14329,pg_toast,pg_toast_11722,0,0,0,0,0,0,0,0,0,0,0,0,0,0,,,,
1415138115.14329,pg_catalog,pg_ts_template,0,0,0,0,0,0,0,0,0,0,0,0,0,0,,,,
1415138115.14329,public,time_statistics,0,0,,,1,0,0,0,1,0,1,0,,,,,,
1415138115.14329,pg_catalog,pg_foreign_server,0,0,0,0,0,0,0,0,0,0,0,0,0,0,,,,
1415138115.14329,pg_catalog,pg_namespace,1682,18438,86038,73351,14,0,0,0,14,0,879,74190,2351,98190,,,,
1415138115.14329,pg_toast,pg_toast_2619,0,0,31908,106240,1621,0,1413,0,218,12,10228,41668,831,65500,,,,
1415138115.14329,pg_catalog,pg_authid,723,723,25522,25522,0,0,0,0,0,0,856,25389,3482,47562,,,,
1415138115.14329,pg_catalog,pg_default_acl,0,0,1292,0,0,0,0,0,0,0,0,0,134,1158,,,,
1415138115.14329,pg_catalog,pg_shdepend,0,0,1740,338,0,0,0,0,0,0,138,200,552,1826,,,,
1415138115.14329,pg_catalog,pg_constraint,0,0,120,56,64,0,56,0,10,0,36,345,64,628,0,0,0,0
1415138115.14329,pg_catalog,pg_index,4014,470610,131093,186675,258,0,231,0,142,60,4209,174844,3860,149610,,,,
1415138115.14329,pg_catalog,pg_ts_dict,0,0,0,0,0,0,0,0,0,0,0,0,0,0,,,,
1415138115.14329,pg_toast,pg_toast_2604,0,0,0,0,0,0,0,0,0,0,0,0,0,0,,,,
1415138115.14329,pg_toast,pg_toast_11732,0,0,0,0,0,0,0,0,0,0,0,0,0,0,,,,
1415138115.14329,pg_catalog,pg_proc,0,0,128492,189624,0,0,0,0,0,0,14847,130301,10968,270273,0,0,0,0
1415138175.14643,pg_catalog,pg_attrdef,0,0,0,0,0,0,0,0,0,0,0,0,0,0,0,0,0,0
1415138175.14643,pg_catalog,pg_db_role_setting,0,0,56268,0,0,0,0,0,0,0,0,0,1045,55223,0,0,0,0
1415138175.14643,pg_catalog,pg_rowsecurity,0,0,0,0,0,0,0,0,0,0,0,0,0,0,,,,
1415138175.14643,pg_catalog,pg_description,0,0,1401,0,0,0,0,0,0,0,0,0,412,2703,0,0,0,0
1415138175.14643,pg_catalog,pg_foreign_data_wrapper,0,0,0,0,0,0,0,0,0,0,0,0,0,0,,,,
1415138175.14643,pg_catalog,pg_conversion,0,0,0,0,0,0,0,0,0,0,0,0,0,0,,,,
1415138175.14643,information_schema,sql_features,0,0,,,0,0,0,0,0,0,0,0,,,0,0,0,0
1415138175.14643,public,customer,6,9000000,0,0,1500000,0,0,0,1500000,0,68533,294857,0,0,,,,
1415138175.14643,pg_catalog,pg_class,7873,2038062,418700,393893,581,198,544,188,336,0,9458,463090,9512,861533,,,,
1415138175.14643,pg_catalog,pg_opfamily,0,0,0,0,0,0,0,0,0,0,0,0,0,0,,,,
1415138175.14643,public,supplier,4,400000,0,0,100000,0,0,0,100000,0,2312,15648,0,0,,,,
1415138175.14643,pg_catalog,pg_auth_members,0,0,0,0,0,0,0,0,0,0,0,0,0,0,,,,
1415138175.14643,pg_catalog,pg_operator,0,0,90515,431083,0,0,0,0,0,0,10357,293387,7260,192912,,,,
1415138175.14643,information_schema,sql_packages,0,0,,,0,0,0,0,0,0,0,0,,,0,0,0,0
1415138175.14643,pg_catalog,pg_attribute,1089,7425,304327,630521,2247,80,2072,51,2511,328,14052,334625,6030,627492,,,,
1415138175.14643,pg_catalog,pg_tablespace,2,4,9740,9740,0,0,0,0,0,0,913,8829,1846,17678,,,,
1415138175.14643,pg_catalog,pg_statistic,0,0,71002,65944,544,1277,497,938,448,60,8316,61811,2945,150811,10228,41676,831,65512
1415138175.14643,pg_catalog,pg_aggregate,0,0,6142,6142,0,0,0,0,0,0,1019,5123,2125,8698,,,,
1415138175.14643,pg_catalog,pg_inherits,0,0,313,0,0,0,0,0,0,0,0,0,140,173,,,,
1415138175.14643,information_schema,sql_sizing,0,0,,,0,0,0,0,0,0,0,0,,,0,0,0,0
1415138175.14643,pg_catalog,pg_enum,0,0,0,0,0,0,0,0,0,0,0,0,0,0,,,,
1415138175.14643,pg_toast,pg_toast_2396,0,0,0,0,0,0,0,0,0,0,0,0,0,0,,,,
1415138175.14643,pg_catalog,pg_pltemplate,0,0,0,0,0,0,0,0,0,0,0,0,0,0,,,,
1415138175.14643,pg_toast,pg_toast_2618,0,0,3370,10774,0,0,0,0,0,0,1369,2710,467,4943,,,,
1415138175.14643,pg_toast,pg_toast_3596,0,0,0,0,0,0,0,0,0,0,0,0,0,0,,,,
1415138175.14643,public,lineitem,8,479888416,0,0,59986052,0,0,0,59986052,0,8692962,3203939,0,0,,,,
1415138175.14643,public,partsupp,3,24000000,0,0,8000000,0,0,0,8000000,0,340611,954509,0,0,,,,
1415138175.14643,pg_toast,pg_toast_11747,0,0,0,0,0,0,0,0,0,0,0,0,0,0,,,,
1415138175.14643,pg_toast,pg_toast_11727,0,0,0,0,0,0,0,0,0,0,0,0,0,0,,,,
1415138175.14643,pg_toast,pg_toast_2606,0,0,0,0,0,0,0,0,0,0,0,0,0,0,,,,
1415138175.14643,pg_toast,pg_toast_2964,0,0,0,0,0,0,0,0,0,0,0,0,0,0,,,,
1415138175.14643,pg_catalog,pg_database,2044,8002,49159,49157,1,0,0,0,1,0,717,50485,4413,72853,,,,
1415138175.14643,information_schema,sql_parts,0,0,,,0,0,0,0,0,0,0,0,,,0,0,0,0
1415138175.14643,pg_toast,pg_toast_2620,0,0,0,0,0,0,0,0,0,0,0,0,0,0,,,,
1415138175.14643,pg_toast,pg_toast_11737,0,0,0,0,0,0,0,0,0,0,0,0,0,0,,,,
1415138175.14643,pg_catalog,pg_depend,0,0,13578,14852,2573,0,2486,0,6682,1115,2148,17297,3310,35624,,,,
1415138175.14643,pg_catalog,pg_language,0,0,0,0,0,0,0,0,0,0,0,0,0,0,,,,
1415138175.14643,information_schema,sql_implementation_info,0,0,,,0,0,0,0,0,0,0,0,,,0,0,0,0
1415138175.14643,public,region,2,10,0,0,5,0,0,0,5,0,1,3,0,0,,,,
1415138175.14643,pg_catalog,pg_amproc,198,396,53527,83627,0,0,0,0,0,0,1173,51892,3149,117286,,,,
1415138175.14643,pg_catalog,pg_collation,0,0,0,0,0,0,0,0,0,0,0,0,0,0,,,,
1415138175.14643,pg_catalog,pg_range,0,0,2468,0,0,0,0,0,0,0,0,0,1930,3006,,,,
1415138175.14643,pg_toast,pg_toast_2609,0,0,0,0,0,0,0,0,0,0,0,0,0,0,,,,
1415138175.14643,pg_catalog,pg_opclass,198,198,72081,824559,0,0,0,0,0,0,2524,322275,3806,87560,,,,
1415138175.14643,pg_toast,pg_toast_11752,0,0,0,0,0,0,0,0,0,0,0,0,0,0,,,,
1415138175.14643,pg_catalog,pg_rewrite,0,0,5794,5248,182,0,182,0,110,48,1838,4641,947,8955,1369,2710,934,9886
1415138175.14643,pg_toast,pg_toast_1255,0,0,0,0,0,0,0,0,0,0,0,0,0,0,,,,
1415138175.14643,pg_catalog,pg_seclabel,0,0,1401,0,0,0,0,0,0,0,0,0,136,1265,0,0,0,0
1415138175.14643,information_schema,sql_languages,0,0,,,0,0,0,0,0,0,0,0,,,0,0,0,0
1415138175.14643,pg_catalog,pg_ts_parser,0,0,0,0,0,0,0,0,0,0,0,0,0,0,,,,
1415138175.14643,pg_catalog,pg_trigger,0,0,0,0,0,0,0,0,0,0,0,0,0,0,0,0,0,0
1415138175.14643,pg_catalog,pg_shseclabel,0,0,0,0,0,0,0,0,0,0,0,0,0,0,,,,
1415138175.14643,pg_catalog,pg_event_trigger,0,0,626,0,0,0,0,0,0,0,0,0,138,488,,,,
1415138175.14643,pg_toast,pg_toast_11742,0,0,0,0,0,0,0,0,0,0,0,0,0,0,,,,
1415138175.14643,pg_catalog,pg_foreign_table,0,0,0,0,0,0,0,0,0,0,0,0,0,0,,,,
1415138175.14643,information_schema,sql_sizing_profiles,0,0,,,0,0,0,0,0,0,0,0,,,0,0,0,0
1415138175.14643,public,orders,4,60000000,0,0,15000000,0,0,0,15000000,0,504554,1558780,0,0,,,,
1415138175.14643,pg_catalog,pg_extension,0,0,0,0,0,0,0,0,0,0,0,0,0,0,,,,
1415138175.14643,pg_catalog,pg_ts_config,0,0,0,0,0,0,0,0,0,0,0,0,0,0,,,,
1415138175.14643,pg_catalog,pg_shdescription,0,0,0,0,0,0,0,0,0,0,0,0,0,0,0,0,0,0
1415138175.14643,pg_catalog,pg_cast,0,0,385486,96862,0,0,0,0,0,0,1653,95209,1705,396177,,,,
1415138175.14643,pg_catalog,pg_amop,0,0,110248,157088,0,0,0,0,0,0,3275,153813,5692,230935,,,,
1415138175.14643,public,nation,2,50,0,0,25,0,0,0,25,0,1,3,0,0,,,,
1415138175.14643,pg_catalog,pg_user_mapping,0,0,0,0,0,0,0,0,0,0,0,0,0,0,,,,
1415138175.14643,public,part,6,12000000,0,0,2000000,0,0,0,2000000,0,79007,327715,0,0,,,,
1415138175.14643,pg_catalog,pg_type,0,0,289382,286984,638,0,619,0,360,115,4284,285494,5431,591729,,,,
1415138175.14643,pg_catalog,pg_largeobject,0,0,0,0,0,0,0,0,0,0,0,0,0,0,,,,
1415138175.14643,pg_catalog,pg_ts_config_map,0,0,0,0,0,0,0,0,0,0,0,0,0,0,,,,
1415138175.14643,pg_catalog,pg_largeobject_metadata,0,0,0,0,0,0,0,0,0,0,0,0,0,0,,,,
1415138175.14643,pg_catalog,pg_am,13639,13639,0,0,0,0,0,0,0,0,999,12640,0,0,,,,
1415138175.14643,pg_toast,pg_toast_11722,0,0,0,0,0,0,0,0,0,0,0,0,0,0,,,,
1415138175.14643,pg_catalog,pg_ts_template,0,0,0,0,0,0,0,0,0,0,0,0,0,0,,,,
1415138175.14643,public,time_statistics,0,0,,,1,0,0,0,1,0,1,0,,,,,,
1415138175.14643,pg_catalog,pg_foreign_server,0,0,0,0,0,0,0,0,0,0,0,0,0,0,,,,
1415138175.14643,pg_catalog,pg_namespace,1684,18478,86199,73506,14,0,0,0,14,0,879,74347,2351,98360,,,,
1415138175.14643,pg_toast,pg_toast_2619,0,0,31912,106248,1621,0,1413,0,218,12,10228,41676,831,65512,,,,
1415138175.14643,pg_catalog,pg_authid,724,724,25532,25532,0,0,0,0,0,0,856,25400,3482,47582,,,,
1415138175.14643,pg_catalog,pg_default_acl,0,0,1292,0,0,0,0,0,0,0,0,0,134,1158,,,,
1415138175.14643,pg_catalog,pg_shdepend,0,0,1740,338,0,0,0,0,0,0,138,200,552,1826,,,,
1415138175.14643,pg_catalog,pg_constraint,0,0,120,56,64,0,56,0,10,0,36,345,64,628,0,0,0,0
1415138175.14643,pg_catalog,pg_index,4019,471320,131142,186739,258,0,231,0,142,60,4209,174928,3860,149671,,,,
1415138175.14643,pg_catalog,pg_ts_dict,0,0,0,0,0,0,0,0,0,0,0,0,0,0,,,,
1415138175.14643,pg_toast,pg_toast_2604,0,0,0,0,0,0,0,0,0,0,0,0,0,0,,,,
1415138175.14643,pg_toast,pg_toast_11732,0,0,0,0,0,0,0,0,0,0,0,0,0,0,,,,
1415138175.14643,pg_catalog,pg_proc,0,0,128576,189750,0,0,0,0,0,0,14847,130409,10968,270453,0,0,0,0
1415138235.15147,pg_catalog,pg_attrdef,0,0,0,0,0,0,0,0,0,0,0,0,0,0,0,0,0,0
1415138235.15147,pg_catalog,pg_db_role_setting,0,0,56296,0,0,0,0,0,0,0,0,0,1045,55251,0,0,0,0
1415138235.15147,pg_catalog,pg_rowsecurity,0,0,0,0,0,0,0,0,0,0,0,0,0,0,,,,
1415138235.15147,pg_catalog,pg_description,0,0,1401,0,0,0,0,0,0,0,0,0,412,2703,0,0,0,0
1415138235.15147,pg_catalog,pg_foreign_data_wrapper,0,0,0,0,0,0,0,0,0,0,0,0,0,0,,,,
1415138235.15147,pg_catalog,pg_conversion,0,0,0,0,0,0,0,0,0,0,0,0,0,0,,,,
1415138235.15147,information_schema,sql_features,0,0,,,0,0,0,0,0,0,0,0,,,0,0,0,0
1415138235.15147,public,customer,6,9000000,0,0,1500000,0,0,0,1500000,0,68533,294857,0,0,,,,
1415138235.15147,pg_catalog,pg_class,7883,2041103,419057,394250,581,198,544,188,336,0,9458,463558,9512,862264,,,,
1415138235.15147,pg_catalog,pg_opfamily,0,0,0,0,0,0,0,0,0,0,0,0,0,0,,,,
1415138235.15147,public,supplier,4,400000,0,0,100000,0,0,0,100000,0,2312,15648,0,0,,,,
1415138235.15147,pg_catalog,pg_auth_members,0,0,0,0,0,0,0,0,0,0,0,0,0,0,,,,
1415138235.15147,pg_catalog,pg_operator,0,0,90533,431101,0,0,0,0,0,0,10357,293405,7260,192957,,,,
1415138235.15147,information_schema,sql_packages,0,0,,,0,0,0,0,0,0,0,0,,,0,0,0,0
1415138235.15147,pg_catalog,pg_attribute,1089,7425,304551,630897,2247,80,2072,51,2511,328,14052,334856,6030,627950,,,,
1415138235.15147,pg_catalog,pg_tablespace,2,4,9745,9745,0,0,0,0,0,0,913,8834,1846,17688,,,,
1415138235.15147,pg_catalog,pg_statistic,0,0,71031,65965,544,1277,497,938,448,60,8316,61832,2945,150875,10228,41682,831,65521
1415138235.15147,pg_catalog,pg_aggregate,0,0,6143,6143,0,0,0,0,0,0,1019,5124,2125,8700,,,,
1415138235.15147,pg_catalog,pg_inherits,0,0,313,0,0,0,0,0,0,0,0,0,140,173,,,,
1415138235.15147,information_schema,sql_sizing,0,0,,,0,0,0,0,0,0,0,0,,,0,0,0,0
1415138235.15147,pg_catalog,pg_enum,0,0,0,0,0,0,0,0,0,0,0,0,0,0,,,,
1415138235.15147,pg_toast,pg_toast_2396,0,0,0,0,0,0,0,0,0,0,0,0,0,0,,,,
1415138235.15147,pg_catalog,pg_pltemplate,0,0,0,0,0,0,0,0,0,0,0,0,0,0,,,,
1415138235.15147,pg_toast,pg_toast_2618,0,0,3376,10792,0,0,0,0,0,0,1369,2717,467,4953,,,,
1415138235.15147,pg_toast,pg_toast_3596,0,0,0,0,0,0,0,0,0,0,0,0,0,0,,,,
1415138235.15147,public,lineitem,8,479888416,0,0,59986052,0,0,0,59986052,0,8692962,3203939,0,0,,,,
1415138235.15147,public,partsupp,3,24000000,0,0,8000000,0,0,0,8000000,0,340611,954509,0,0,,,,
1415138235.15147,pg_toast,pg_toast_11747,0,0,0,0,0,0,0,0,0,0,0,0,0,0,,,,
1415138235.15147,pg_toast,pg_toast_11727,0,0,0,0,0,0,0,0,0,0,0,0,0,0,,,,
1415138235.15147,pg_toast,pg_toast_2606,0,0,0,0,0,0,0,0,0,0,0,0,0,0,,,,
1415138235.15147,pg_toast,pg_toast_2964,0,0,0,0,0,0,0,0,0,0,0,0,0,0,,,,
1415138235.15147,pg_catalog,pg_database,2047,8014,49187,49185,1,0,0,0,1,0,717,50516,4413,72895,,,,
1415138235.15147,information_schema,sql_parts,0,0,,,0,0,0,0,0,0,0,0,,,0,0,0,0
1415138235.15147,pg_toast,pg_toast_2620,0,0,0,0,0,0,0,0,0,0,0,0,0,0,,,,
1415138235.15147,pg_toast,pg_toast_11737,0,0,0,0,0,0,0,0,0,0,0,0,0,0,,,,
1415138235.15147,pg_catalog,pg_depend,0,0,13578,14852,2573,0,2486,0,6682,1115,2148,17297,3310,35624,,,,
1415138235.15147,pg_catalog,pg_language,0,0,0,0,0,0,0,0,0,0,0,0,0,0,,,,
1415138235.15147,information_schema,sql_implementation_info,0,0,,,0,0,0,0,0,0,0,0,,,0,0,0,0
1415138235.15147,public,region,2,10,0,0,5,0,0,0,5,0,1,3,0,0,,,,
1415138235.15147,pg_catalog,pg_amproc,198,396,53546,83657,0,0,0,0,0,0,1173,51911,3149,117330,,,,
1415138235.15147,pg_catalog,pg_collation,0,0,0,0,0,0,0,0,0,0,0,0,0,0,,,,
1415138235.15147,pg_catalog,pg_range,0,0,2468,0,0,0,0,0,0,0,0,0,1930,3006,,,,
1415138235.15147,pg_toast,pg_toast_2609,0,0,0,0,0,0,0,0,0,0,0,0,0,0,,,,
1415138235.15147,pg_catalog,pg_opclass,198,198,72100,824745,0,0,0,0,0,0,2524,322346,3806,87588,,,,
1415138235.15147,pg_toast,pg_toast_11752,0,0,0,0,0,0,0,0,0,0,0,0,0,0,,,,
1415138235.15147,pg_catalog,pg_rewrite,0,0,5802,5256,182,0,182,0,110,48,1838,4649,947,8969,1369,2717,934,9906
1415138235.15147,pg_toast,pg_toast_1255,0,0,0,0,0,0,0,0,0,0,0,0,0,0,,,,
1415138235.15147,pg_catalog,pg_seclabel,0,0,1401,0,0,0,0,0,0,0,0,0,136,1265,0,0,0,0
1415138235.15147,information_schema,sql_languages,0,0,,,0,0,0,0,0,0,0,0,,,0,0,0,0
1415138235.15147,pg_catalog,pg_ts_parser,0,0,0,0,0,0,0,0,0,0,0,0,0,0,,,,
1415138235.15147,pg_catalog,pg_trigger,0,0,0,0,0,0,0,0,0,0,0,0,0,0,0,0,0,0
1415138235.15147,pg_catalog,pg_shseclabel,0,0,0,0,0,0,0,0,0,0,0,0,0,0,,,,
1415138235.15147,pg_catalog,pg_event_trigger,0,0,626,0,0,0,0,0,0,0,0,0,138,488,,,,
1415138235.15147,pg_toast,pg_toast_11742,0,0,0,0,0,0,0,0,0,0,0,0,0,0,,,,
1415138235.15147,pg_catalog,pg_foreign_table,0,0,0,0,0,0,0,0,0,0,0,0,0,0,,,,
1415138235.15147,information_schema,sql_sizing_profiles,0,0,,,0,0,0,0,0,0,0,0,,,0,0,0,0
1415138235.15147,public,orders,4,60000000,0,0,15000000,0,0,0,15000000,0,504554,1558780,0,0,,,,
1415138235.15147,pg_catalog,pg_extension,0,0,0,0,0,0,0,0,0,0,0,0,0,0,,,,
1415138235.15147,pg_catalog,pg_ts_config,0,0,0,0,0,0,0,0,0,0,0,0,0,0,,,,
1415138235.15147,pg_catalog,pg_shdescription,0,0,0,0,0,0,0,0,0,0,0,0,0,0,0,0,0,0
1415138235.15147,pg_catalog,pg_cast,0,0,385562,96895,0,0,0,0,0,0,1653,95242,1705,396259,,,,
1415138235.15147,pg_catalog,pg_amop,0,0,110287,157137,0,0,0,0,0,0,3275,153862,5692,231023,,,,
1415138235.15147,public,nation,2,50,0,0,25,0,0,0,25,0,1,3,0,0,,,,
1415138235.15147,pg_catalog,pg_user_mapping,0,0,0,0,0,0,0,0,0,0,0,0,0,0,,,,
1415138235.15147,public,part,6,12000000,0,0,2000000,0,0,0,2000000,0,79007,327715,0,0,,,,
1415138235.15147,pg_catalog,pg_type,0,0,289490,287092,638,0,619,0,360,115,4284,285602,5431,591951,,,,
1415138235.15147,pg_catalog,pg_largeobject,0,0,0,0,0,0,0,0,0,0,0,0,0,0,,,,
1415138235.15147,pg_catalog,pg_ts_config_map,0,0,0,0,0,0,0,0,0,0,0,0,0,0,,,,
1415138235.15147,pg_catalog,pg_largeobject_metadata,0,0,0,0,0,0,0,0,0,0,0,0,0,0,,,,
1415138235.15147,pg_catalog,pg_am,13645,13645,0,0,0,0,0,0,0,0,999,12646,0,0,,,,
1415138235.15147,pg_toast,pg_toast_11722,0,0,0,0,0,0,0,0,0,0,0,0,0,0,,,,
1415138235.15147,pg_catalog,pg_ts_template,0,0,0,0,0,0,0,0,0,0,0,0,0,0,,,,
1415138235.15147,public,time_statistics,0,0,,,1,0,0,0,1,0,1,0,,,,,,
1415138235.15147,pg_catalog,pg_foreign_server,0,0,0,0,0,0,0,0,0,0,0,0,0,0,,,,
1415138235.15147,pg_catalog,pg_namespace,1686,18518,86360,73661,14,0,0,0,14,0,879,74504,2351,98530,,,,
1415138235.15147,pg_toast,pg_toast_2619,0,0,31915,106254,1621,0,1413,0,218,12,10228,41682,831,65521,,,,
1415138235.15147,pg_catalog,pg_authid,725,725,25542,25542,0,0,0,0,0,0,856,25411,3482,47602,,,,
1415138235.15147,pg_catalog,pg_default_acl,0,0,1292,0,0,0,0,0,0,0,0,0,134,1158,,,,
1415138235.15147,pg_catalog,pg_shdepend,0,0,1740,338,0,0,0,0,0,0,138,200,552,1826,,,,
1415138235.15147,pg_catalog,pg_constraint,0,0,120,56,64,0,56,0,10,0,36,345,64,628,0,0,0,0
1415138235.15147,pg_catalog,pg_index,4024,472030,131191,186803,258,0,231,0,142,60,4209,175012,3860,149732,,,,
1415138235.15147,pg_catalog,pg_ts_dict,0,0,0,0,0,0,0,0,0,0,0,0,0,0,,,,
1415138235.15147,pg_toast,pg_toast_2604,0,0,0,0,0,0,0,0,0,0,0,0,0,0,,,,
1415138235.15147,pg_toast,pg_toast_11732,0,0,0,0,0,0,0,0,0,0,0,0,0,0,,,,
1415138235.15147,pg_catalog,pg_proc,0,0,128660,189876,0,0,0,0,0,0,14847,130517,10968,270633,0,0,0,0
